state,district,scenario,year,flood_hazard_score,flood_hazard_class,drought_hazard_score,drought_hazard_class,ag_stress_score,ag_stress_class,overall_risk_score,overall_risk_class,climate_confidence,confidence_class
BIHAR,ARARIA,ssp245,2030,46.84,Moderate,23.6,Low,0.0,Low,24.65,Low Risk,,Low Confidence
BIHAR,ARWAL,ssp245,2030,24.37,Low,2.72,Low,0.0,Low,9.48,Low Risk,,Low Confidence
BIHAR,AURANGABAD,ssp245,2030,29.28,Moderate,2.05,Low,0.0,Low,10.97,Low Risk,,Low Confidence
BIHAR,BANKA,ssp245,2030,24.42,Low,3.36,Low,0.0,Low,9.72,Low Risk,,Low Confidence
BIHAR,BEGUSARAI,ssp245,2030,19.91,Low,12.51,Low,0.0,Low,11.35,Low Risk,,Low Confidence
BIHAR,BHAGALPUR,ssp245,2030,27.23,Moderate,22.25,Low,0.0,Low,17.32,Low Risk,,Low Confidence
BIHAR,BHOJPUR,ssp245,2030,13.86,Low,21.69,Low,0.0,Low,12.44,Low Risk,,Low Confidence
BIHAR,BUXAR,ssp245,2030,14.76,Low,29.7,Moderate,0.0,Low,15.56,Low Risk,,Low Confidence
BIHAR,DARBHANGA,ssp245,2030,26.29,Moderate,4.49,Low,0.0,Low,10.77,Low Risk,,Low Confidence
BIHAR,GAYA,ssp245,2030,20.27,Low,1.49,Low,0.0,Low,7.62,Low Risk,,Low Confidence
BIHAR,GOPALGANJ,ssp245,2030,21.77,Low,52.07,High,0.0,Low,25.84,Moderate Risk,,Low Confidence
BIHAR,JAMUI,ssp245,2030,22.72,Low,1.16,Low,0.0,Low,8.36,Low Risk,,Low Confidence
BIHAR,JEHANABAD,ssp245,2030,18.96,Low,4.04,Low,0.0,Low,8.05,Low Risk,,Low Confidence
BIHAR,KAIMUR (BHABUA),ssp245,2030,25.77,Moderate,2.59,Low,0.0,Low,9.93,Low Risk,,Low Confidence
BIHAR,KATIHAR,ssp245,2030,27.88,Moderate,2.01,Low,0.0,Low,10.46,Low Risk,,Low Confidence
BIHAR,KHAGARIA,ssp245,2030,28.01,Moderate,3.43,Low,0.0,Low,11.0,Low Risk,,Low Confidence
BIHAR,KISHANGANJ,ssp245,2030,60.49,High,51.63,High,0.0,Low,39.24,Moderate Risk,,Low Confidence
BIHAR,LAKHISARAI,ssp245,2030,23.19,Low,1.4,Low,0.0,Low,8.61,Low Risk,,Low Confidence
BIHAR,MADHEPURA,ssp245,2030,25.12,Moderate,26.69,Moderate,0.0,Low,18.13,Low Risk,,Low Confidence
BIHAR,MADHUBANI,ssp245,2030,32.73,Moderate,4.23,Low,0.0,Low,12.94,Low Risk,,Low Confidence
BIHAR,MUNGER,ssp245,2030,31.38,Moderate,1.72,Low,0.0,Low,11.58,Low Risk,,Low Confidence
BIHAR,MUZAFFARPUR,ssp245,2030,22.39,Low,32.16,Moderate,0.0,Low,19.09,Low Risk,,Low Confidence
BIHAR,NALANDA,ssp245,2030,14.35,Low,6.8,Low,0.0,Low,7.4,Low Risk,,Low Confidence
BIHAR,NAWADA,ssp245,2030,17.7,Low,1.49,Low,0.0,Low,6.72,Low Risk,,Low Confidence
BIHAR,PASHCHIM CHAMPARAN,ssp245,2030,37.72,Moderate,3.44,Low,0.0,Low,14.41,Low Risk,,Low Confidence
BIHAR,PATNA,ssp245,2030,14.15,Low,18.94,Low,0.0,Low,11.58,Low Risk,,Low Confidence
BIHAR,PURBA CHAMPARAN,ssp245,2030,25.09,Moderate,41.93,Moderate,0.0,Low,23.46,Low Risk,,Low Confidence
BIHAR,PURNIA,ssp245,2030,35.79,Moderate,7.98,Low,0.0,Low,15.32,Low Risk,,Low Confidence
BIHAR,ROHTAS,ssp245,2030,26.84,Moderate,2.43,Low,0.0,Low,10.24,Low Risk,,Low Confidence
BIHAR,SAHARSA,ssp245,2030,27.91,Moderate,23.06,Low,0.0,Low,17.84,Low Risk,,Low Confidence
BIHAR,SAMASTIPUR,ssp245,2030,21.6,Low,7.42,Low,0.0,Low,10.16,Low Risk,,Low Confidence
BIHAR,SARAN,ssp245,2030,16.45,Low,54.13,High,0.0,Low,24.7,Low Risk,,Low Confidence
BIHAR,SHEIKHPURA,ssp245,2030,17.79,Low,2.1,Low,0.0,Low,6.96,Low Risk,,Low Confidence
BIHAR,SHEOHAR,ssp245,2030,23.3,Low,7.77,Low,0.0,Low,10.87,Low Risk,,Low Confidence
BIHAR,SITAMARHI,ssp245,2030,25.62,Moderate,3.87,Low,0.0,Low,10.32,Low Risk,,Low Confidence
BIHAR,SIWAN,ssp245,2030,19.44,Low,54.52,High,0.0,Low,25.89,Moderate Risk,,Low Confidence
BIHAR,SUPAUL,ssp245,2030,40.57,Moderate,20.03,Low,0.0,Low,21.21,Low Risk,,Low Confidence
BIHAR,VAISHALI,ssp245,2030,12.7,Low,42.32,Moderate,0.0,Low,19.26,Low Risk,,Low Confidence
MAHARASHTRA,AHILYANAGAR,ssp245,2030,22.24,Low,7.3,Low,0.0,Low,10.34,Low Risk,,Low Confidence
MAHARASHTRA,AKOLA,ssp245,2030,37.6,Moderate,5.7,Low,0.0,Low,15.16,Low Risk,,Low Confidence
MAHARASHTRA,AMRAVATI,ssp245,2030,41.8,Moderate,3.88,Low,0.0,Low,15.99,Low Risk,,Low Confidence
MAHARASHTRA,BEED,ssp245,2030,6.75,Low,3.42,Low,0.0,Low,3.56,Low Risk,,Low Confidence
MAHARASHTRA,BHANDARA,ssp245,2030,42.96,Moderate,0.94,Low,0.0,Low,15.36,Low Risk,,Low Confidence
MAHARASHTRA,BULDHANA,ssp245,2030,29.79,Moderate,6.5,Low,0.0,Low,12.7,Low Risk,,Low Confidence
MAHARASHTRA,CHANDRAPUR,ssp245,2030,37.23,Moderate,2.03,Low,0.0,Low,13.74,Low Risk,,Low Confidence
MAHARASHTRA,CHHATRAPATI SAMBHAJI NAGAR,ssp245,2030,18.34,Low,8.72,Low,0.0,Low,9.47,Low Risk,,Low Confidence
MAHARASHTRA,DHARASHIV,ssp245,2030,4.41,Low,3.12,Low,0.0,Low,2.64,Low Risk,,Low Confidence
MAHARASHTRA,DHULE,ssp245,2030,24.81,Low,6.44,Low,0.0,Low,10.94,Low Risk,,Low Confidence
MAHARASHTRA,GADCHIROLI,ssp245,2030,39.74,Moderate,1.14,Low,0.0,Low,14.31,Low Risk,,Low Confidence
MAHARASHTRA,GONDIA,ssp245,2030,40.76,Moderate,0.58,Low,0.0,Low,14.47,Low Risk,,Low Confidence
MAHARASHTRA,HINGOLI,ssp245,2030,22.64,Low,6.36,Low,0.0,Low,10.15,Low Risk,,Low Confidence
MAHARASHTRA,JALGAON,ssp245,2030,28.32,Moderate,5.75,Low,0.0,Low,11.92,Low Risk,,Low Confidence
MAHARASHTRA,JALNA,ssp245,2030,22.57,Low,6.29,Low,0.0,Low,10.1,Low Risk,,Low Confidence
MAHARASHTRA,KOLHAPUR,ssp245,2030,63.32,High,20.05,Low,0.59,Low,29.36,Moderate Risk,,Low Confidence
MAHARASHTRA,LATUR,ssp245,2030,11.3,Low,2.41,Low,0.0,Low,4.8,Low Risk,,Low Confidence
MAHARASHTRA,MUMBAI,ssp245,2030,96.8,Very High,,Low,0.0,Low,,Low Risk,,Low Confidence
MAHARASHTRA,MUMBAI SUBURBAN,ssp245,2030,98.86,Very High,,Low,0.0,Low,,Low Risk,,Low Confidence
MAHARASHTRA,NAGPUR,ssp245,2030,40.08,Moderate,0.95,Low,0.0,Low,14.36,Low Risk,,Low Confidence
MAHARASHTRA,NANDED,ssp245,2030,15.58,Low,2.64,Low,0.0,Low,6.38,Low Risk,,Low Confidence
MAHARASHTRA,NANDURBAR,ssp245,2030,33.22,Moderate,8.39,Low,0.0,Low,14.56,Low Risk,,Low Confidence
MAHARASHTRA,NASHIK,ssp245,2030,44.48,Moderate,9.78,Low,0.0,Low,18.99,Low Risk,,Low Confidence
MAHARASHTRA,PALGHAR,ssp245,2030,99.27,Very High,28.64,Moderate,0.0,Low,44.77,Moderate Risk,,Low Confidence
MAHARASHTRA,PARBHANI,ssp245,2030,14.79,Low,2.43,Low,0.0,Low,6.03,Low Risk,,Low Confidence
MAHARASHTRA,PUNE,ssp245,2030,37.86,Moderate,8.13,Low,0.0,Low,16.1,Low Risk,,Low Confidence
MAHARASHTRA,RAIGAD,ssp245,2030,97.74,Very High,60.0,High,0.0,Low,55.21,High Risk,,Low Confidence
MAHARASHTRA,RATNAGIRI,ssp245,2030,99.82,Very High,68.54,High,18.22,Low,64.39,High Risk,,Low Confidence
MAHARASHTRA,SANGLI,ssp245,2030,17.04,Low,4.7,Low,0.0,Low,7.61,Low Risk,,Low Confidence
MAHARASHTRA,SATARA,ssp245,2030,44.48,Moderate,7.15,Low,0.0,Low,18.07,Low Risk,,Low Confidence
MAHARASHTRA,SINDHUDURG,ssp245,2030,98.22,Very High,69.04,High,23.45,Low,65.58,High Risk,,Low Confidence
MAHARASHTRA,SOLAPUR,ssp245,2030,3.07,Low,3.51,Low,0.0,Low,2.3,Low Risk,,Low Confidence
MAHARASHTRA,THANE,ssp245,2030,96.43,Very High,9.69,Low,0.0,Low,37.14,Moderate Risk,,Low Confidence
MAHARASHTRA,WARDHA,ssp245,2030,39.8,Moderate,2.78,Low,0.0,Low,14.9,Low Risk,,Low Confidence
MAHARASHTRA,WASHIM,ssp245,2030,33.24,Moderate,4.55,Low,0.0,Low,13.23,Low Risk,,Low Confidence
MAHARASHTRA,YAVATMAL,ssp245,2030,31.32,Moderate,3.76,Low,0.0,Low,12.28,Low Risk,,Low Confidence
TELANGANA,ADILABAD,ssp245,2030,27.87,Moderate,1.87,Low,0.0,Low,10.41,Low Risk,,Low Confidence
TELANGANA,BHADRADRI KOTHAGUDEM,ssp245,2030,21.08,Low,2.2,Low,0.0,Low,8.15,Low Risk,,Low Confidence
TELANGANA,HANUMAKONDA,ssp245,2030,18.43,Low,0.1,Low,0.0,Low,6.49,Low Risk,,Low Confidence
TELANGANA,HYDERABAD,ssp245,2030,15.0,Low,,Low,0.0,Low,,Low Risk,,Low Confidence
TELANGANA,JAGTIAL,ssp245,2030,22.86,Low,0.17,Low,0.0,Low,8.06,Low Risk,,Low Confidence
TELANGANA,JANGAON,ssp245,2030,12.16,Low,1.31,Low,0.0,Low,4.71,Low Risk,,Low Confidence
TELANGANA,JAYASHANKAR BHUPALPALLI,ssp245,2030,35.08,Moderate,0.04,Low,0.0,Low,12.29,Low Risk,,Low Confidence
TELANGANA,JOGULAMBA GADWAL,ssp245,2030,0.1,Low,7.61,Low,8.77,Low,5.33,Low Risk,,Low Confidence
TELANGANA,KAMAREDDY,ssp245,2030,18.58,Low,1.61,Low,0.0,Low,7.07,Low Risk,,Low Confidence
TELANGANA,KARIMNAGAR,ssp245,2030,26.9,Moderate,0.38,Low,0.0,Low,9.55,Low Risk,,Low Confidence
TELANGANA,KHAMMAM,ssp245,2030,10.71,Low,0.17,Low,0.0,Low,3.81,Low Risk,,Low Confidence
TELANGANA,KUMURAM BHEEM,ssp245,2030,43.31,Moderate,2.43,Low,0.0,Low,16.01,Low Risk,,Low Confidence
TELANGANA,MAHABUBABAD,ssp245,2030,11.96,Low,0.18,Low,0.0,Low,4.25,Low Risk,,Low Confidence
TELANGANA,MAHBUBNAGAR,ssp245,2030,0.0,Low,4.12,Low,0.0,Low,1.44,Low Risk,,Low Confidence
TELANGANA,MANCHERIAL,ssp245,2030,37.65,Moderate,0.51,Low,0.0,Low,13.36,Low Risk,,Low Confidence
TELANGANA,MEDAK,ssp245,2030,18.19,Low,0.1,Low,0.0,Low,6.4,Low Risk,,Low Confidence
TELANGANA,MEDCHAL-MALKAJGIRI,ssp245,2030,16.65,Low,0.21,Low,0.0,Low,5.9,Low Risk,,Low Confidence
TELANGANA,MULUGU,ssp245,2030,33.17,Moderate,0.11,Low,0.0,Low,11.65,Low Risk,,Low Confidence
TELANGANA,NAGARKURNOOL,ssp245,2030,3.2,Low,2.62,Low,0.0,Low,2.04,Low Risk,,Low Confidence
TELANGANA,NALGONDA,ssp245,2030,6.05,Low,3.12,Low,0.0,Low,3.21,Low Risk,,Low Confidence
TELANGANA,NARAYANPET,ssp245,2030,0.98,Low,4.37,Low,0.0,Low,1.87,Low Risk,,Low Confidence
TELANGANA,NIRMAL,ssp245,2030,19.62,Low,0.61,Low,0.0,Low,7.08,Low Risk,,Low Confidence
TELANGANA,NIZAMABAD,ssp245,2030,15.82,Low,0.25,Low,0.0,Low,5.62,Low Risk,,Low Confidence
TELANGANA,PEDDAPALLI,ssp245,2030,28.02,Moderate,0.47,Low,0.0,Low,9.97,Low Risk,,Low Confidence
TELANGANA,RAJANNA SIRCILLA,ssp245,2030,16.38,Low,0.0,Low,0.0,Low,5.73,Low Risk,,Low Confidence
TELANGANA,RANGA REDDY,ssp245,2030,6.99,Low,2.85,Low,0.0,Low,3.44,Low Risk,,Low Confidence
TELANGANA,SANGAREDDY,ssp245,2030,16.4,Low,1.49,Low,0.0,Low,6.26,Low Risk,,Low Confidence
TELANGANA,SIDDIPET,ssp245,2030,14.14,Low,0.21,Low,0.0,Low,5.02,Low Risk,,Low Confidence
TELANGANA,SURYAPET,ssp245,2030,5.31,Low,3.06,Low,0.0,Low,2.93,Low Risk,,Low Confidence
TELANGANA,VIKARABAD,ssp245,2030,7.49,Low,3.44,Low,0.0,Low,3.83,Low Risk,,Low Confidence
TELANGANA,WANAPARTHY,ssp245,2030,1.15,Low,2.97,Low,0.0,Low,1.44,Low Risk,,Low Confidence
TELANGANA,WARANGAL,ssp245,2030,15.34,Low,1.14,Low,0.0,Low,5.77,Low Risk,,Low Confidence
TELANGANA,YADADRI BHUVANAGIRI,ssp245,2030,11.93,Low,1.84,Low,0.0,Low,4.82,Low Risk,,Low Confidence
BIHAR,ARARIA,ssp245,2035,47.87,Moderate,18.77,Low,0.0,Low,23.32,Low Risk,,Low Confidence
BIHAR,ARWAL,ssp245,2035,24.59,Low,2.61,Low,0.0,Low,9.52,Low Risk,,Low Confidence
BIHAR,AURANGABAD,ssp245,2035,29.73,Moderate,1.95,Low,0.0,Low,11.09,Low Risk,,Low Confidence
BIHAR,BANKA,ssp245,2035,24.94,Low,3.54,Low,0.0,Low,9.97,Low Risk,,Low Confidence
BIHAR,BEGUSARAI,ssp245,2035,20.06,Low,7.82,Low,0.0,Low,9.76,Low Risk,,Low Confidence
BIHAR,BHAGALPUR,ssp245,2035,27.55,Moderate,18.22,Low,0.0,Low,16.02,Low Risk,,Low Confidence
BIHAR,BHOJPUR,ssp245,2035,14.03,Low,17.96,Low,0.0,Low,11.2,Low Risk,,Low Confidence
BIHAR,BUXAR,ssp245,2035,15.24,Low,26.18,Moderate,0.0,Low,14.5,Low Risk,,Low Confidence
BIHAR,DARBHANGA,ssp245,2035,26.77,Moderate,4.6,Low,0.0,Low,10.98,Low Risk,,Low Confidence
BIHAR,GAYA,ssp245,2035,20.49,Low,1.38,Low,0.0,Low,7.65,Low Risk,,Low Confidence
BIHAR,GOPALGANJ,ssp245,2035,22.67,Low,47.61,Moderate,0.0,Low,24.6,Low Risk,,Low Confidence
BIHAR,JAMUI,ssp245,2035,23.24,Low,1.11,Low,0.0,Low,8.52,Low Risk,,Low Confidence
BIHAR,JEHANABAD,ssp245,2035,19.23,Low,1.82,Low,0.0,Low,7.37,Low Risk,,Low Confidence
BIHAR,KAIMUR (BHABUA),ssp245,2035,26.05,Moderate,2.5,Low,0.0,Low,9.99,Low Risk,,Low Confidence
BIHAR,KATIHAR,ssp245,2035,28.63,Moderate,1.16,Low,0.0,Low,10.43,Low Risk,,Low Confidence
BIHAR,KHAGARIA,ssp245,2035,28.38,Moderate,2.08,Low,0.0,Low,10.66,Low Risk,,Low Confidence
BIHAR,KISHANGANJ,ssp245,2035,61.68,High,66.84,High,32.56,Moderate,54.75,High Risk,,Low Confidence
BIHAR,LAKHISARAI,ssp245,2035,23.65,Low,1.34,Low,0.0,Low,8.75,Low Risk,,Low Confidence
BIHAR,MADHEPURA,ssp245,2035,25.36,Moderate,22.65,Low,0.0,Low,16.8,Low Risk,,Low Confidence
BIHAR,MADHUBANI,ssp245,2035,33.68,Moderate,4.35,Low,0.0,Low,13.31,Low Risk,,Low Confidence
BIHAR,MUNGER,ssp245,2035,31.94,Moderate,1.68,Low,0.0,Low,11.77,Low Risk,,Low Confidence
BIHAR,MUZAFFARPUR,ssp245,2035,22.99,Low,28.11,Moderate,0.0,Low,17.88,Low Risk,,Low Confidence
BIHAR,NALANDA,ssp245,2035,14.67,Low,2.38,Low,0.0,Low,5.97,Low Risk,,Low Confidence
BIHAR,NAWADA,ssp245,2035,17.94,Low,1.45,Low,0.0,Low,6.79,Low Risk,,Low Confidence
BIHAR,PASHCHIM CHAMPARAN,ssp245,2035,38.83,Moderate,3.16,Low,0.0,Low,14.7,Low Risk,,Low Confidence
BIHAR,PATNA,ssp245,2035,14.32,Low,14.54,Low,0.0,Low,10.1,Low Risk,,Low Confidence
BIHAR,PURBA CHAMPARAN,ssp245,2035,25.81,Moderate,37.53,Moderate,0.0,Low,22.17,Low Risk,,Low Confidence
BIHAR,PURNIA,ssp245,2035,37.01,Moderate,3.42,Low,0.0,Low,14.15,Low Risk,,Low Confidence
BIHAR,ROHTAS,ssp245,2035,27.1,Moderate,2.32,Low,0.0,Low,10.3,Low Risk,,Low Confidence
BIHAR,SAHARSA,ssp245,2035,28.26,Moderate,27.51,Moderate,17.88,Low,24.88,Low Risk,,Low Confidence
BIHAR,SAMASTIPUR,ssp245,2035,21.86,Low,2.86,Low,0.0,Low,8.65,Low Risk,,Low Confidence
BIHAR,SARAN,ssp245,2035,16.87,Low,49.96,Moderate,0.0,Low,23.39,Low Risk,,Low Confidence
BIHAR,SHEIKHPURA,ssp245,2035,18.19,Low,2.07,Low,0.0,Low,7.09,Low Risk,,Low Confidence
BIHAR,SHEOHAR,ssp245,2035,23.77,Low,4.47,Low,0.0,Low,9.88,Low Risk,,Low Confidence
BIHAR,SITAMARHI,ssp245,2035,25.95,Moderate,3.94,Low,0.0,Low,10.46,Low Risk,,Low Confidence
BIHAR,SIWAN,ssp245,2035,20.07,Low,54.43,High,0.0,Low,26.08,Moderate Risk,,Low Confidence
BIHAR,SUPAUL,ssp245,2035,41.9,Moderate,15.39,Low,0.0,Low,20.05,Low Risk,,Low Confidence
BIHAR,VAISHALI,ssp245,2035,13.0,Low,38.35,Moderate,0.0,Low,17.97,Low Risk,,Low Confidence
MAHARASHTRA,AHILYANAGAR,ssp245,2035,22.47,Low,7.32,Low,0.0,Low,10.43,Low Risk,,Low Confidence
MAHARASHTRA,AKOLA,ssp245,2035,37.99,Moderate,5.58,Low,0.0,Low,15.25,Low Risk,,Low Confidence
MAHARASHTRA,AMRAVATI,ssp245,2035,42.17,Moderate,3.93,Low,0.0,Low,16.13,Low Risk,,Low Confidence
MAHARASHTRA,BEED,ssp245,2035,6.69,Low,3.3,Low,0.0,Low,3.5,Low Risk,,Low Confidence
MAHARASHTRA,BHANDARA,ssp245,2035,43.34,Moderate,0.86,Low,0.0,Low,15.47,Low Risk,,Low Confidence
MAHARASHTRA,BULDHANA,ssp245,2035,29.48,Moderate,6.18,Low,0.0,Low,12.48,Low Risk,,Low Confidence
MAHARASHTRA,CHANDRAPUR,ssp245,2035,37.29,Moderate,1.87,Low,0.0,Low,13.71,Low Risk,,Low Confidence
MAHARASHTRA,CHHATRAPATI SAMBHAJI NAGAR,ssp245,2035,17.98,Low,8.46,Low,0.0,Low,9.25,Low Risk,,Low Confidence
MAHARASHTRA,DHARASHIV,ssp245,2035,4.9,Low,3.03,Low,0.0,Low,2.78,Low Risk,,Low Confidence
MAHARASHTRA,DHULE,ssp245,2035,24.78,Low,6.14,Low,0.0,Low,10.82,Low Risk,,Low Confidence
MAHARASHTRA,GADCHIROLI,ssp245,2035,39.59,Moderate,0.97,Low,0.0,Low,14.2,Low Risk,,Low Confidence
MAHARASHTRA,GONDIA,ssp245,2035,41.36,Moderate,0.45,Low,0.0,Low,14.63,Low Risk,,Low Confidence
MAHARASHTRA,HINGOLI,ssp245,2035,23.06,Low,5.98,Low,0.0,Low,10.16,Low Risk,,Low Confidence
MAHARASHTRA,JALGAON,ssp245,2035,28.27,Moderate,5.33,Low,0.0,Low,11.76,Low Risk,,Low Confidence
MAHARASHTRA,JALNA,ssp245,2035,22.06,Low,6.03,Low,0.0,Low,9.83,Low Risk,,Low Confidence
MAHARASHTRA,KOLHAPUR,ssp245,2035,64.39,High,31.17,Moderate,36.1,Moderate,44.28,Moderate Risk,,Low Confidence
MAHARASHTRA,LATUR,ssp245,2035,11.96,Low,2.47,Low,0.0,Low,5.05,Low Risk,,Low Confidence
MAHARASHTRA,MUMBAI,ssp245,2035,97.08,Very High,,Low,0.0,Low,,Low Risk,,Low Confidence
MAHARASHTRA,MUMBAI SUBURBAN,ssp245,2035,99.0,Very High,,Low,0.0,Low,,Low Risk,,Low Confidence
MAHARASHTRA,NAGPUR,ssp245,2035,40.52,Moderate,0.89,Low,0.0,Low,14.49,Low Risk,,Low Confidence
MAHARASHTRA,NANDED,ssp245,2035,16.12,Low,2.38,Low,0.0,Low,6.48,Low Risk,,Low Confidence
MAHARASHTRA,NANDURBAR,ssp245,2035,33.6,Moderate,8.32,Low,0.0,Low,14.67,Low Risk,,Low Confidence
MAHARASHTRA,NASHIK,ssp245,2035,44.37,Moderate,9.89,Low,0.0,Low,18.99,Low Risk,,Low Confidence
MAHARASHTRA,PALGHAR,ssp245,2035,99.64,Very High,23.91,Low,0.0,Low,43.24,Moderate Risk,,Low Confidence
MAHARASHTRA,PARBHANI,ssp245,2035,14.96,Low,2.24,Low,0.0,Low,6.02,Low Risk,,Low Confidence
MAHARASHTRA,PUNE,ssp245,2035,38.28,Moderate,8.28,Low,0.0,Low,16.3,Low Risk,,Low Confidence
MAHARASHTRA,RAIGAD,ssp245,2035,98.33,Very High,61.15,High,2.46,Low,56.56,High Risk,,Low Confidence
MAHARASHTRA,RATNAGIRI,ssp245,2035,100.0,Very High,79.67,Very High,42.0,Moderate,75.48,Very High Risk,,Low Confidence
MAHARASHTRA,SANGLI,ssp245,2035,17.76,Low,13.87,Low,19.52,Low,16.93,Low Risk,,Low Confidence
MAHARASHTRA,SATARA,ssp245,2035,45.57,Moderate,7.49,Low,0.55,Low,18.74,Low Risk,,Low Confidence
MAHARASHTRA,SINDHUDURG,ssp245,2035,99.2,Very High,80.75,Very High,48.39,Moderate,77.5,Very High Risk,,Low Confidence
MAHARASHTRA,SOLAPUR,ssp245,2035,3.13,Low,3.47,Low,0.0,Low,2.31,Low Risk,,Low Confidence
MAHARASHTRA,THANE,ssp245,2035,96.85,Very High,9.87,Low,0.0,Low,37.35,Moderate Risk,,Low Confidence
MAHARASHTRA,WARDHA,ssp245,2035,40.21,Moderate,2.75,Low,0.0,Low,15.04,Low Risk,,Low Confidence
MAHARASHTRA,WASHIM,ssp245,2035,33.42,Moderate,4.24,Low,0.0,Low,13.18,Low Risk,,Low Confidence
MAHARASHTRA,YAVATMAL,ssp245,2035,31.55,Moderate,3.59,Low,0.0,Low,12.3,Low Risk,,Low Confidence
TELANGANA,ADILABAD,ssp245,2035,28.59,Moderate,1.74,Low,0.0,Low,10.62,Low Risk,,Low Confidence
TELANGANA,BHADRADRI KOTHAGUDEM,ssp245,2035,21.68,Low,12.53,Low,22.05,Low,18.59,Low Risk,,Low Confidence
TELANGANA,HANUMAKONDA,ssp245,2035,18.93,Low,0.0,Low,0.0,Low,6.63,Low Risk,,Low Confidence
TELANGANA,HYDERABAD,ssp245,2035,15.82,Low,,Low,0.0,Low,,Low Risk,,Low Confidence
TELANGANA,JAGTIAL,ssp245,2035,23.27,Low,0.0,Low,0.0,Low,8.14,Low Risk,,Low Confidence
TELANGANA,JANGAON,ssp245,2035,12.68,Low,1.2,Low,0.0,Low,4.86,Low Risk,,Low Confidence
TELANGANA,JAYASHANKAR BHUPALPALLI,ssp245,2035,35.42,Moderate,0.0,Low,0.0,Low,12.4,Low Risk,,Low Confidence
TELANGANA,JOGULAMBA GADWAL,ssp245,2035,0.07,Low,10.84,Low,15.85,Low,8.57,Low Risk,,Low Confidence
TELANGANA,KAMAREDDY,ssp245,2035,19.33,Low,1.56,Low,0.0,Low,7.31,Low Risk,,Low Confidence
TELANGANA,KARIMNAGAR,ssp245,2035,27.49,Moderate,0.23,Low,0.0,Low,9.7,Low Risk,,Low Confidence
TELANGANA,KHAMMAM,ssp245,2035,11.32,Low,3.08,Low,6.49,Low,6.99,Low Risk,,Low Confidence
TELANGANA,KUMURAM BHEEM,ssp245,2035,43.81,Moderate,2.31,Low,0.0,Low,16.14,Low Risk,,Low Confidence
TELANGANA,MAHABUBABAD,ssp245,2035,12.44,Low,0.07,Low,0.0,Low,4.38,Low Risk,,Low Confidence
TELANGANA,MAHBUBNAGAR,ssp245,2035,0.0,Low,4.03,Low,0.0,Low,1.41,Low Risk,,Low Confidence
TELANGANA,MANCHERIAL,ssp245,2035,37.91,Moderate,0.37,Low,0.0,Low,13.4,Low Risk,,Low Confidence
TELANGANA,MEDAK,ssp245,2035,19.12,Low,0.0,Low,0.0,Low,6.69,Low Risk,,Low Confidence
TELANGANA,MEDCHAL-MALKAJGIRI,ssp245,2035,17.56,Low,0.14,Low,0.0,Low,6.19,Low Risk,,Low Confidence
TELANGANA,MULUGU,ssp245,2035,33.67,Moderate,0.0,Low,0.0,Low,11.78,Low Risk,,Low Confidence
TELANGANA,NAGARKURNOOL,ssp245,2035,3.19,Low,2.55,Low,0.0,Low,2.01,Low Risk,,Low Confidence
TELANGANA,NALGONDA,ssp245,2035,6.38,Low,2.98,Low,0.0,Low,3.28,Low Risk,,Low Confidence
TELANGANA,NARAYANPET,ssp245,2035,1.25,Low,4.25,Low,0.0,Low,1.92,Low Risk,,Low Confidence
TELANGANA,NIRMAL,ssp245,2035,20.21,Low,0.41,Low,0.0,Low,7.22,Low Risk,,Low Confidence
TELANGANA,NIZAMABAD,ssp245,2035,16.36,Low,0.1,Low,0.0,Low,5.76,Low Risk,,Low Confidence
TELANGANA,PEDDAPALLI,ssp245,2035,28.41,Moderate,0.31,Low,0.0,Low,10.05,Low Risk,,Low Confidence
TELANGANA,RAJANNA SIRCILLA,ssp245,2035,16.83,Low,0.0,Low,0.0,Low,5.89,Low Risk,,Low Confidence
TELANGANA,RANGA REDDY,ssp245,2035,7.7,Low,2.76,Low,0.0,Low,3.66,Low Risk,,Low Confidence
TELANGANA,SANGAREDDY,ssp245,2035,17.32,Low,1.44,Low,0.0,Low,6.57,Low Risk,,Low Confidence
TELANGANA,SIDDIPET,ssp245,2035,14.68,Low,0.11,Low,0.0,Low,5.18,Low Risk,,Low Confidence
TELANGANA,SURYAPET,ssp245,2035,5.75,Low,2.89,Low,0.0,Low,3.02,Low Risk,,Low Confidence
TELANGANA,VIKARABAD,ssp245,2035,8.23,Low,3.27,Low,0.0,Low,4.03,Low Risk,,Low Confidence
TELANGANA,WANAPARTHY,ssp245,2035,1.18,Low,2.78,Low,0.0,Low,1.39,Low Risk,,Low Confidence
TELANGANA,WARANGAL,ssp245,2035,15.73,Low,1.04,Low,0.0,Low,5.87,Low Risk,,Low Confidence
TELANGANA,YADADRI BHUVANAGIRI,ssp245,2035,12.57,Low,1.68,Low,0.0,Low,4.99,Low Risk,,Low Confidence
BIHAR,ARARIA,ssp245,2040,48.89,Moderate,17.27,Low,7.13,Low,25.3,Moderate Risk,,Low Confidence
BIHAR,ARWAL,ssp245,2040,24.81,Low,2.5,Low,0.0,Low,9.56,Low Risk,,Low Confidence
BIHAR,AURANGABAD,ssp245,2040,30.18,Moderate,1.84,Low,0.0,Low,11.21,Low Risk,,Low Confidence
BIHAR,BANKA,ssp245,2040,25.47,Moderate,21.26,Low,37.46,Moderate,27.59,Moderate Risk,,Low Confidence
BIHAR,BEGUSARAI,ssp245,2040,20.22,Low,3.14,Low,0.0,Low,8.18,Low Risk,,Low Confidence
BIHAR,BHAGALPUR,ssp245,2040,27.87,Moderate,14.2,Low,0.0,Low,14.72,Low Risk,,Low Confidence
BIHAR,BHOJPUR,ssp245,2040,14.2,Low,14.23,Low,0.0,Low,9.95,Low Risk,,Low Confidence
BIHAR,BUXAR,ssp245,2040,15.71,Low,22.65,Low,0.0,Low,13.43,Low Risk,,Low Confidence
BIHAR,DARBHANGA,ssp245,2040,27.26,Moderate,20.08,Low,32.79,Moderate,26.41,Moderate Risk,,Low Confidence
BIHAR,GAYA,ssp245,2040,20.72,Low,1.28,Low,0.0,Low,7.7,Low Risk,,Low Confidence
BIHAR,GOPALGANJ,ssp245,2040,23.56,Low,43.15,Moderate,0.0,Low,23.35,Low Risk,,Low Confidence
BIHAR,JAMUI,ssp245,2040,23.75,Low,18.06,Low,36.32,Moderate,25.53,Moderate Risk,,Low Confidence
BIHAR,JEHANABAD,ssp245,2040,19.5,Low,1.67,Low,0.0,Low,7.41,Low Risk,,Low Confidence
BIHAR,KAIMUR (BHABUA),ssp245,2040,26.32,Moderate,2.4,Low,0.0,Low,10.05,Low Risk,,Low Confidence
BIHAR,KATIHAR,ssp245,2040,29.39,Moderate,1.07,Low,0.0,Low,10.66,Low Risk,,Low Confidence
BIHAR,KHAGARIA,ssp245,2040,28.75,Moderate,2.03,Low,0.0,Low,10.77,Low Risk,,Low Confidence
BIHAR,KISHANGANJ,ssp245,2040,62.47,High,67.58,High,34.25,Moderate,55.79,High Risk,,Low Confidence
BIHAR,LAKHISARAI,ssp245,2040,24.11,Low,1.28,Low,0.0,Low,8.89,Low Risk,,Low Confidence
BIHAR,MADHEPURA,ssp245,2040,25.6,Moderate,33.42,Moderate,31.63,Moderate,30.15,Moderate Risk,,Low Confidence
BIHAR,MADHUBANI,ssp245,2040,34.63,Moderate,19.62,Low,32.33,Moderate,28.69,Moderate Risk,,Low Confidence
BIHAR,MUNGER,ssp245,2040,32.49,Moderate,1.65,Low,0.0,Low,11.95,Low Risk,,Low Confidence
BIHAR,MUZAFFARPUR,ssp245,2040,23.58,Low,24.06,Low,0.0,Low,16.67,Low Risk,,Low Confidence
BIHAR,NALANDA,ssp245,2040,14.99,Low,2.36,Low,0.0,Low,6.07,Low Risk,,Low Confidence
BIHAR,NAWADA,ssp245,2040,18.18,Low,1.41,Low,0.0,Low,6.86,Low Risk,,Low Confidence
BIHAR,PASHCHIM CHAMPARAN,ssp245,2040,39.95,Moderate,3.14,Low,0.0,Low,15.08,Low Risk,,Low Confidence
BIHAR,PATNA,ssp245,2040,14.49,Low,10.15,Low,0.0,Low,8.62,Low Risk,,Low Confidence
BIHAR,PURBA CHAMPARAN,ssp245,2040,26.52,Moderate,33.13,Moderate,0.0,Low,20.88,Low Risk,,Low Confidence
BIHAR,PURNIA,ssp245,2040,38.23,Moderate,0.38,Low,0.0,Low,13.51,Low Risk,,Low Confidence
BIHAR,ROHTAS,ssp245,2040,27.36,Moderate,2.22,Low,0.0,Low,10.35,Low Risk,,Low Confidence
BIHAR,SAHARSA,ssp245,2040,28.62,Moderate,34.21,Moderate,40.57,Moderate,34.16,Moderate Risk,,Low Confidence
BIHAR,SAMASTIPUR,ssp245,2040,22.11,Low,1.98,Low,0.0,Low,8.43,Low Risk,,Low Confidence
BIHAR,SARAN,ssp245,2040,17.29,Low,45.7,Moderate,0.0,Low,22.05,Low Risk,,Low Confidence
BIHAR,SHEIKHPURA,ssp245,2040,18.58,Low,2.04,Low,0.0,Low,7.22,Low Risk,,Low Confidence
BIHAR,SHEOHAR,ssp245,2040,24.23,Low,4.56,Low,0.0,Low,10.08,Low Risk,,Low Confidence
BIHAR,SITAMARHI,ssp245,2040,26.28,Moderate,4.01,Low,0.0,Low,10.6,Low Risk,,Low Confidence
BIHAR,SIWAN,ssp245,2040,20.69,Low,51.33,High,0.0,Low,25.21,Moderate Risk,,Low Confidence
BIHAR,SUPAUL,ssp245,2040,43.23,Moderate,10.76,Low,0.0,Low,18.9,Low Risk,,Low Confidence
BIHAR,VAISHALI,ssp245,2040,13.31,Low,34.38,Moderate,0.0,Low,16.69,Low Risk,,Low Confidence
MAHARASHTRA,AHILYANAGAR,ssp245,2040,22.71,Low,7.92,Low,1.27,Low,11.1,Low Risk,,Low Confidence
MAHARASHTRA,AKOLA,ssp245,2040,38.38,Moderate,5.47,Low,0.0,Low,15.35,Low Risk,,Low Confidence
MAHARASHTRA,AMRAVATI,ssp245,2040,42.54,Moderate,3.98,Low,0.0,Low,16.28,Low Risk,,Low Confidence
MAHARASHTRA,BEED,ssp245,2040,6.64,Low,13.12,Low,21.22,Low,13.28,Low Risk,,Low Confidence
MAHARASHTRA,BHANDARA,ssp245,2040,43.72,Moderate,0.79,Low,0.0,Low,15.58,Low Risk,,Low Confidence
MAHARASHTRA,BULDHANA,ssp245,2040,29.16,Moderate,5.86,Low,0.0,Low,12.26,Low Risk,,Low Confidence
MAHARASHTRA,CHANDRAPUR,ssp245,2040,37.34,Moderate,1.72,Low,0.0,Low,13.67,Low Risk,,Low Confidence
MAHARASHTRA,CHHATRAPATI SAMBHAJI NAGAR,ssp245,2040,17.62,Low,8.2,Low,0.0,Low,9.04,Low Risk,,Low Confidence
MAHARASHTRA,DHARASHIV,ssp245,2040,5.57,Low,12.47,Low,20.33,Low,12.41,Low Risk,,Low Confidence
MAHARASHTRA,DHULE,ssp245,2040,24.74,Low,9.06,Low,6.86,Low,13.89,Low Risk,,Low Confidence
MAHARASHTRA,GADCHIROLI,ssp245,2040,39.44,Moderate,0.98,Low,0.38,Low,14.26,Low Risk,,Low Confidence
MAHARASHTRA,GONDIA,ssp245,2040,41.96,Moderate,0.33,Low,0.0,Low,14.8,Low Risk,,Low Confidence
MAHARASHTRA,HINGOLI,ssp245,2040,23.48,Low,5.61,Low,0.0,Low,10.18,Low Risk,,Low Confidence
MAHARASHTRA,JALGAON,ssp245,2040,28.21,Moderate,8.48,Low,7.62,Low,15.13,Low Risk,,Low Confidence
MAHARASHTRA,JALNA,ssp245,2040,21.56,Low,5.77,Low,0.0,Low,9.57,Low Risk,,Low Confidence
MAHARASHTRA,KOLHAPUR,ssp245,2040,65.47,High,32.86,Moderate,51.47,High,49.86,Moderate Risk,,Low Confidence
MAHARASHTRA,LATUR,ssp245,2040,12.61,Low,4.22,Low,3.61,Low,6.97,Low Risk,,Low Confidence
MAHARASHTRA,MUMBAI,ssp245,2040,97.36,Very High,,Low,1.32,Low,,Low Risk,,Low Confidence
MAHARASHTRA,MUMBAI SUBURBAN,ssp245,2040,99.15,Very High,,Low,0.65,Low,,Low Risk,,Low Confidence
MAHARASHTRA,NAGPUR,ssp245,2040,40.95,Moderate,0.82,Low,0.0,Low,14.62,Low Risk,,Low Confidence
MAHARASHTRA,NANDED,ssp245,2040,16.66,Low,2.12,Low,0.0,Low,6.57,Low Risk,,Low Confidence
MAHARASHTRA,NANDURBAR,ssp245,2040,33.98,Moderate,9.12,Low,1.85,Low,15.64,Low Risk,,Low Confidence
MAHARASHTRA,NASHIK,ssp245,2040,44.26,Moderate,10.0,Low,0.0,Low,18.99,Low Risk,,Low Confidence
MAHARASHTRA,PALGHAR,ssp245,2040,100.0,Very High,23.19,Low,8.55,Low,45.68,Moderate Risk,,Low Confidence
MAHARASHTRA,PARBHANI,ssp245,2040,15.13,Low,2.05,Low,0.0,Low,6.01,Low Risk,,Low Confidence
MAHARASHTRA,PUNE,ssp245,2040,38.7,Moderate,9.43,Low,2.13,Low,17.48,Low Risk,,Low Confidence
MAHARASHTRA,RAIGAD,ssp245,2040,98.92,Very High,66.6,High,14.1,Low,62.16,High Risk,,Low Confidence
MAHARASHTRA,RATNAGIRI,ssp245,2040,100.0,Very High,88.09,Very High,59.97,High,83.82,Very High Risk,,Low Confidence
MAHARASHTRA,SANGLI,ssp245,2040,18.47,Low,29.64,Moderate,53.12,High,32.77,Moderate Risk,,Low Confidence
MAHARASHTRA,SATARA,ssp245,2040,46.66,Moderate,15.56,Low,17.63,Low,27.07,Moderate Risk,,Low Confidence
MAHARASHTRA,SINDHUDURG,ssp245,2040,99.42,Very High,87.61,Very High,63.0,High,84.36,Very High Risk,,Low Confidence
MAHARASHTRA,SOLAPUR,ssp245,2040,3.29,Low,23.96,Low,43.82,Moderate,22.68,Low Risk,,Low Confidence
MAHARASHTRA,THANE,ssp245,2040,97.18,Very High,11.2,Low,2.55,Low,38.7,Moderate Risk,,Low Confidence
MAHARASHTRA,WARDHA,ssp245,2040,40.62,Moderate,2.73,Low,0.0,Low,15.17,Low Risk,,Low Confidence
MAHARASHTRA,WASHIM,ssp245,2040,33.59,Moderate,3.92,Low,0.0,Low,13.13,Low Risk,,Low Confidence
MAHARASHTRA,YAVATMAL,ssp245,2040,31.79,Moderate,3.43,Low,0.0,Low,12.33,Low Risk,,Low Confidence
TELANGANA,ADILABAD,ssp245,2040,29.3,Moderate,1.62,Low,0.0,Low,10.82,Low Risk,,Low Confidence
TELANGANA,BHADRADRI KOTHAGUDEM,ssp245,2040,22.28,Low,22.02,Low,42.33,Moderate,28.2,Moderate Risk,,Low Confidence
TELANGANA,HANUMAKONDA,ssp245,2040,19.42,Low,0.0,Low,0.0,Low,6.8,Low Risk,,Low Confidence
TELANGANA,HYDERABAD,ssp245,2040,16.64,Low,,Low,0.86,Low,,Low Risk,,Low Confidence
TELANGANA,JAGTIAL,ssp245,2040,23.69,Low,0.0,Low,0.0,Low,8.29,Low Risk,,Low Confidence
TELANGANA,JANGAON,ssp245,2040,13.21,Low,1.1,Low,0.0,Low,5.01,Low Risk,,Low Confidence
TELANGANA,JAYASHANKAR BHUPALPALLI,ssp245,2040,35.76,Moderate,0.0,Low,0.0,Low,12.52,Low Risk,,Low Confidence
TELANGANA,JOGULAMBA GADWAL,ssp245,2040,0.04,Low,24.61,Low,45.45,Moderate,22.26,Low Risk,,Low Confidence
TELANGANA,KAMAREDDY,ssp245,2040,20.07,Low,1.52,Low,0.0,Low,7.56,Low Risk,,Low Confidence
TELANGANA,KARIMNAGAR,ssp245,2040,28.07,Moderate,0.09,Low,0.0,Low,9.86,Low Risk,,Low Confidence
TELANGANA,KHAMMAM,ssp245,2040,11.93,Low,11.14,Low,23.79,Low,15.21,Low Risk,,Low Confidence
TELANGANA,KUMURAM BHEEM,ssp245,2040,44.31,Moderate,4.36,Low,4.62,Low,18.42,Low Risk,,Low Confidence
TELANGANA,MAHABUBABAD,ssp245,2040,12.92,Low,0.0,Low,0.0,Low,4.52,Low Risk,,Low Confidence
TELANGANA,MAHBUBNAGAR,ssp245,2040,0.1,Low,3.94,Low,0.0,Low,1.41,Low Risk,,Low Confidence
TELANGANA,MANCHERIAL,ssp245,2040,38.17,Moderate,0.23,Low,0.0,Low,13.44,Low Risk,,Low Confidence
TELANGANA,MEDAK,ssp245,2040,20.05,Low,0.0,Low,0.0,Low,7.02,Low Risk,,Low Confidence
TELANGANA,MEDCHAL-MALKAJGIRI,ssp245,2040,18.51,Low,0.07,Low,0.0,Low,6.5,Low Risk,,Low Confidence
TELANGANA,MULUGU,ssp245,2040,34.16,Moderate,5.18,Low,11.07,Low,17.09,Low Risk,,Low Confidence
TELANGANA,NAGARKURNOOL,ssp245,2040,3.18,Low,8.66,Low,13.17,Low,8.1,Low Risk,,Low Confidence
TELANGANA,NALGONDA,ssp245,2040,6.88,Low,2.84,Low,0.0,Low,3.4,Low Risk,,Low Confidence
TELANGANA,NARAYANPET,ssp245,2040,1.52,Low,9.89,Low,12.27,Low,7.67,Low Risk,,Low Confidence
TELANGANA,NIRMAL,ssp245,2040,20.81,Low,0.21,Low,0.0,Low,7.36,Low Risk,,Low Confidence
TELANGANA,NIZAMABAD,ssp245,2040,16.9,Low,0.0,Low,0.0,Low,5.91,Low Risk,,Low Confidence
TELANGANA,PEDDAPALLI,ssp245,2040,28.8,Moderate,0.16,Low,0.0,Low,10.14,Low Risk,,Low Confidence
TELANGANA,RAJANNA SIRCILLA,ssp245,2040,17.28,Low,0.0,Low,0.0,Low,6.05,Low Risk,,Low Confidence
TELANGANA,RANGA REDDY,ssp245,2040,8.4,Low,3.62,Low,2.04,Low,4.82,Low Risk,,Low Confidence
TELANGANA,SANGAREDDY,ssp245,2040,18.25,Low,1.39,Low,0.0,Low,6.87,Low Risk,,Low Confidence
TELANGANA,SIDDIPET,ssp245,2040,15.21,Low,0.0,Low,0.0,Low,5.32,Low Risk,,Low Confidence
TELANGANA,SURYAPET,ssp245,2040,6.22,Low,2.72,Low,0.0,Low,3.13,Low Risk,,Low Confidence
TELANGANA,VIKARABAD,ssp245,2040,8.97,Low,4.2,Low,2.34,Low,5.31,Low Risk,,Low Confidence
TELANGANA,WANAPARTHY,ssp245,2040,1.21,Low,4.22,Low,3.5,Low,2.95,Low Risk,,Low Confidence
TELANGANA,WARANGAL,ssp245,2040,16.12,Low,0.94,Low,0.0,Low,5.97,Low Risk,,Low Confidence
TELANGANA,YADADRI BHUVANAGIRI,ssp245,2040,13.22,Low,1.52,Low,0.0,Low,5.16,Low Risk,,Low Confidence
BIHAR,ARARIA,ssp585,2030,46.84,Moderate,24.71,Low,0.0,Low,25.04,Moderate Risk,,Low Confidence
BIHAR,ARWAL,ssp585,2030,24.37,Low,2.72,Low,0.0,Low,9.48,Low Risk,,Low Confidence
BIHAR,AURANGABAD,ssp585,2030,29.28,Moderate,8.71,Low,14.22,Low,17.56,Low Risk,,Low Confidence
BIHAR,BANKA,ssp585,2030,24.42,Low,20.31,Low,36.18,Moderate,26.51,Moderate Risk,,Low Confidence
BIHAR,BEGUSARAI,ssp585,2030,19.91,Low,13.02,Low,0.0,Low,11.53,Low Risk,,Low Confidence
BIHAR,BHAGALPUR,ssp585,2030,27.23,Moderate,23.28,Low,0.0,Low,17.68,Low Risk,,Low Confidence
BIHAR,BHOJPUR,ssp585,2030,13.86,Low,24.14,Low,3.43,Low,14.33,Low Risk,,Low Confidence
BIHAR,BUXAR,ssp585,2030,14.76,Low,35.44,Moderate,9.49,Low,20.42,Low Risk,,Low Confidence
BIHAR,DARBHANGA,ssp585,2030,26.29,Moderate,5.79,Low,2.77,Low,12.06,Low Risk,,Low Confidence
BIHAR,GAYA,ssp585,2030,20.27,Low,1.49,Low,0.0,Low,7.62,Low Risk,,Low Confidence
BIHAR,GOPALGANJ,ssp585,2030,21.77,Low,56.55,High,4.81,Low,28.86,Moderate Risk,,Low Confidence
BIHAR,JAMUI,ssp585,2030,22.72,Low,15.69,Low,31.03,Moderate,22.75,Low Risk,,Low Confidence
BIHAR,JEHANABAD,ssp585,2030,18.96,Low,5.26,Low,2.4,Low,9.2,Low Risk,,Low Confidence
BIHAR,KAIMUR (BHABUA),ssp585,2030,25.77,Moderate,2.59,Low,0.0,Low,9.93,Low Risk,,Low Confidence
BIHAR,KATIHAR,ssp585,2030,27.88,Moderate,2.05,Low,0.0,Low,10.48,Low Risk,,Low Confidence
BIHAR,KHAGARIA,ssp585,2030,28.01,Moderate,3.49,Low,0.0,Low,11.02,Low Risk,,Low Confidence
BIHAR,KISHANGANJ,ssp585,2030,60.49,High,68.19,High,35.36,Moderate,55.65,High Risk,,Low Confidence
BIHAR,LAKHISARAI,ssp585,2030,23.19,Low,1.4,Low,0.0,Low,8.61,Low Risk,,Low Confidence
BIHAR,MADHEPURA,ssp585,2030,25.12,Moderate,41.06,Moderate,28.05,Moderate,31.58,Moderate Risk,,Low Confidence
BIHAR,MADHUBANI,ssp585,2030,32.73,Moderate,24.59,Low,43.46,Moderate,33.1,Moderate Risk,,Low Confidence
BIHAR,MUNGER,ssp585,2030,31.38,Moderate,1.72,Low,0.0,Low,11.58,Low Risk,,Low Confidence
BIHAR,MUZAFFARPUR,ssp585,2030,22.39,Low,33.61,Moderate,0.0,Low,19.6,Low Risk,,Low Confidence
BIHAR,NALANDA,ssp585,2030,14.35,Low,7.02,Low,0.0,Low,7.48,Low Risk,,Low Confidence
BIHAR,NAWADA,ssp585,2030,17.7,Low,1.49,Low,0.0,Low,6.72,Low Risk,,Low Confidence
BIHAR,PASHCHIM CHAMPARAN,ssp585,2030,37.72,Moderate,3.46,Low,0.0,Low,14.41,Low Risk,,Low Confidence
BIHAR,PATNA,ssp585,2030,14.15,Low,22.83,Low,6.77,Low,14.97,Low Risk,,Low Confidence
BIHAR,PURBA CHAMPARAN,ssp585,2030,25.09,Moderate,43.86,Moderate,0.0,Low,24.13,Low Risk,,Low Confidence
BIHAR,PURNIA,ssp585,2030,35.79,Moderate,8.35,Low,0.0,Low,15.45,Low Risk,,Low Confidence
BIHAR,ROHTAS,ssp585,2030,26.84,Moderate,2.43,Low,0.0,Low,10.24,Low Risk,,Low Confidence
BIHAR,SAHARSA,ssp585,2030,27.91,Moderate,45.99,Moderate,46.7,Moderate,39.88,Moderate Risk,,Low Confidence
BIHAR,SAMASTIPUR,ssp585,2030,21.6,Low,7.69,Low,0.0,Low,10.25,Low Risk,,Low Confidence
BIHAR,SARAN,ssp585,2030,16.45,Low,54.13,High,0.0,Low,24.7,Low Risk,,Low Confidence
BIHAR,SHEIKHPURA,ssp585,2030,17.79,Low,2.1,Low,0.0,Low,6.96,Low Risk,,Low Confidence
BIHAR,SHEOHAR,ssp585,2030,23.3,Low,7.94,Low,0.0,Low,10.93,Low Risk,,Low Confidence
BIHAR,SITAMARHI,ssp585,2030,25.62,Moderate,3.87,Low,0.0,Low,10.32,Low Risk,,Low Confidence
BIHAR,SIWAN,ssp585,2030,19.44,Low,54.71,High,0.41,Low,26.08,Moderate Risk,,Low Confidence
BIHAR,SUPAUL,ssp585,2030,40.57,Moderate,20.8,Low,0.0,Low,21.48,Low Risk,,Low Confidence
BIHAR,VAISHALI,ssp585,2030,12.7,Low,44.3,Moderate,0.0,Low,19.95,Low Risk,,Low Confidence
MAHARASHTRA,AHILYANAGAR,ssp585,2030,22.24,Low,9.04,Low,3.7,Low,12.06,Low Risk,,Low Confidence
MAHARASHTRA,AKOLA,ssp585,2030,37.6,Moderate,5.7,Low,0.0,Low,15.16,Low Risk,,Low Confidence
MAHARASHTRA,AMRAVATI,ssp585,2030,41.8,Moderate,3.88,Low,0.0,Low,15.99,Low Risk,,Low Confidence
MAHARASHTRA,BEED,ssp585,2030,6.75,Low,11.25,Low,16.72,Low,11.32,Low Risk,,Low Confidence
MAHARASHTRA,BHANDARA,ssp585,2030,42.96,Moderate,0.94,Low,0.0,Low,15.36,Low Risk,,Low Confidence
MAHARASHTRA,BULDHANA,ssp585,2030,29.79,Moderate,6.5,Low,0.0,Low,12.7,Low Risk,,Low Confidence
MAHARASHTRA,CHANDRAPUR,ssp585,2030,37.23,Moderate,2.03,Low,0.0,Low,13.74,Low Risk,,Low Confidence
MAHARASHTRA,CHHATRAPATI SAMBHAJI NAGAR,ssp585,2030,18.34,Low,13.29,Low,9.77,Low,14.0,Low Risk,,Low Confidence
MAHARASHTRA,DHARASHIV,ssp585,2030,4.41,Low,13.46,Low,22.08,Low,12.88,Low Risk,,Low Confidence
MAHARASHTRA,DHULE,ssp585,2030,24.81,Low,14.74,Low,17.72,Low,19.16,Low Risk,,Low Confidence
MAHARASHTRA,GADCHIROLI,ssp585,2030,39.74,Moderate,3.3,Low,4.6,Low,16.44,Low Risk,,Low Confidence
MAHARASHTRA,GONDIA,ssp585,2030,40.76,Moderate,3.43,Low,6.09,Low,17.29,Low Risk,,Low Confidence
MAHARASHTRA,HINGOLI,ssp585,2030,22.64,Low,6.36,Low,0.0,Low,10.15,Low Risk,,Low Confidence
MAHARASHTRA,JALGAON,ssp585,2030,28.32,Moderate,6.19,Low,0.94,Low,12.36,Low Risk,,Low Confidence
MAHARASHTRA,JALNA,ssp585,2030,22.57,Low,6.29,Low,0.0,Low,10.1,Low Risk,,Low Confidence
MAHARASHTRA,KOLHAPUR,ssp585,2030,63.32,High,41.27,Moderate,44.3,Moderate,49.9,Moderate Risk,,Low Confidence
MAHARASHTRA,LATUR,ssp585,2030,11.3,Low,8.36,Low,12.7,Low,10.69,Low Risk,,Low Confidence
MAHARASHTRA,MUMBAI,ssp585,2030,96.8,Very High,,Low,12.43,Low,,Low Risk,,Low Confidence
MAHARASHTRA,MUMBAI SUBURBAN,ssp585,2030,98.86,Very High,,Low,15.19,Low,,Low Risk,,Low Confidence
MAHARASHTRA,NAGPUR,ssp585,2030,40.08,Moderate,0.95,Low,0.0,Low,14.36,Low Risk,,Low Confidence
MAHARASHTRA,NANDED,ssp585,2030,15.58,Low,2.64,Low,0.0,Low,6.38,Low Risk,,Low Confidence
MAHARASHTRA,NANDURBAR,ssp585,2030,33.22,Moderate,9.73,Low,2.86,Low,15.89,Low Risk,,Low Confidence
MAHARASHTRA,NASHIK,ssp585,2030,44.48,Moderate,9.78,Low,0.0,Low,18.99,Low Risk,,Low Confidence
MAHARASHTRA,PALGHAR,ssp585,2030,99.27,Very High,38.11,Moderate,18.22,Low,53.55,High Risk,,Low Confidence
MAHARASHTRA,PARBHANI,ssp585,2030,14.79,Low,2.43,Low,0.0,Low,6.03,Low Risk,,Low Confidence
MAHARASHTRA,PUNE,ssp585,2030,37.86,Moderate,11.25,Low,6.66,Low,19.19,Low Risk,,Low Confidence
MAHARASHTRA,RAIGAD,ssp585,2030,97.74,Very High,71.39,High,24.31,Low,66.49,High Risk,,Low Confidence
MAHARASHTRA,RATNAGIRI,ssp585,2030,99.82,Very High,85.53,Very High,54.51,High,81.23,Very High Risk,,Low Confidence
MAHARASHTRA,SANGLI,ssp585,2030,17.04,Low,22.35,Low,37.7,Moderate,25.1,Moderate Risk,,Low Confidence
MAHARASHTRA,SATARA,ssp585,2030,44.48,Moderate,16.34,Low,19.6,Low,27.17,Moderate Risk,,Low Confidence
MAHARASHTRA,SINDHUDURG,ssp585,2030,98.22,Very High,84.99,Very High,57.48,High,81.37,Very High Risk,,Low Confidence
MAHARASHTRA,SOLAPUR,ssp585,2030,3.07,Low,14.36,Low,23.18,Low,13.05,Low Risk,,Low Confidence
MAHARASHTRA,THANE,ssp585,2030,96.43,Very High,18.61,Low,19.04,Low,45.98,Moderate Risk,,Low Confidence
MAHARASHTRA,WARDHA,ssp585,2030,39.8,Moderate,2.78,Low,0.0,Low,14.9,Low Risk,,Low Confidence
MAHARASHTRA,WASHIM,ssp585,2030,33.24,Moderate,4.55,Low,0.0,Low,13.23,Low Risk,,Low Confidence
MAHARASHTRA,YAVATMAL,ssp585,2030,31.32,Moderate,3.76,Low,0.0,Low,12.28,Low Risk,,Low Confidence
TELANGANA,ADILABAD,ssp585,2030,27.87,Moderate,1.87,Low,0.0,Low,10.41,Low Risk,,Low Confidence
TELANGANA,BHADRADRI KOTHAGUDEM,ssp585,2030,21.08,Low,18.66,Low,35.12,Moderate,24.45,Low Risk,,Low Confidence
TELANGANA,HANUMAKONDA,ssp585,2030,18.43,Low,0.1,Low,0.0,Low,6.49,Low Risk,,Low Confidence
TELANGANA,HYDERABAD,ssp585,2030,15.0,Low,,Low,4.18,Low,,Low Risk,,Low Confidence
TELANGANA,JAGTIAL,ssp585,2030,22.86,Low,0.17,Low,0.0,Low,8.06,Low Risk,,Low Confidence
TELANGANA,JANGAON,ssp585,2030,12.16,Low,1.31,Low,0.0,Low,4.71,Low Risk,,Low Confidence
TELANGANA,JAYASHANKAR BHUPALPALLI,ssp585,2030,35.08,Moderate,0.04,Low,0.0,Low,12.29,Low Risk,,Low Confidence
TELANGANA,JOGULAMBA GADWAL,ssp585,2030,0.1,Low,28.15,Moderate,52.62,High,25.67,Moderate Risk,,Low Confidence
TELANGANA,KAMAREDDY,ssp585,2030,18.58,Low,1.61,Low,0.0,Low,7.07,Low Risk,,Low Confidence
TELANGANA,KARIMNAGAR,ssp585,2030,26.9,Moderate,0.38,Low,0.0,Low,9.55,Low Risk,,Low Confidence
TELANGANA,KHAMMAM,ssp585,2030,10.71,Low,7.13,Low,14.86,Low,10.7,Low Risk,,Low Confidence
TELANGANA,KUMURAM BHEEM,ssp585,2030,43.31,Moderate,8.6,Low,13.17,Low,22.12,Low Risk,,Low Confidence
TELANGANA,MAHABUBABAD,ssp585,2030,11.96,Low,2.56,Low,5.08,Low,6.61,Low Risk,,Low Confidence
TELANGANA,MAHBUBNAGAR,ssp585,2030,0.0,Low,4.12,Low,0.0,Low,1.44,Low Risk,,Low Confidence
TELANGANA,MANCHERIAL,ssp585,2030,37.65,Moderate,0.51,Low,0.0,Low,13.36,Low Risk,,Low Confidence
TELANGANA,MEDAK,ssp585,2030,18.19,Low,0.1,Low,0.0,Low,6.4,Low Risk,,Low Confidence
TELANGANA,MEDCHAL-MALKAJGIRI,ssp585,2030,16.65,Low,0.21,Low,0.0,Low,5.9,Low Risk,,Low Confidence
TELANGANA,MULUGU,ssp585,2030,33.17,Moderate,3.34,Low,6.9,Low,14.85,Low Risk,,Low Confidence
TELANGANA,NAGARKURNOOL,ssp585,2030,3.2,Low,16.47,Low,29.58,Moderate,15.76,Low Risk,,Low Confidence
TELANGANA,NALGONDA,ssp585,2030,6.05,Low,3.12,Low,0.0,Low,3.21,Low Risk,,Low Confidence
TELANGANA,NARAYANPET,ssp585,2030,0.98,Low,5.21,Low,1.81,Low,2.71,Low Risk,,Low Confidence
TELANGANA,NIRMAL,ssp585,2030,19.62,Low,0.61,Low,0.0,Low,7.08,Low Risk,,Low Confidence
TELANGANA,NIZAMABAD,ssp585,2030,15.82,Low,0.25,Low,0.0,Low,5.62,Low Risk,,Low Confidence
TELANGANA,PEDDAPALLI,ssp585,2030,28.02,Moderate,0.47,Low,0.0,Low,9.97,Low Risk,,Low Confidence
TELANGANA,RAJANNA SIRCILLA,ssp585,2030,16.38,Low,0.0,Low,0.0,Low,5.73,Low Risk,,Low Confidence
TELANGANA,RANGA REDDY,ssp585,2030,6.99,Low,2.85,Low,0.0,Low,3.44,Low Risk,,Low Confidence
TELANGANA,SANGAREDDY,ssp585,2030,16.4,Low,1.49,Low,0.0,Low,6.26,Low Risk,,Low Confidence
TELANGANA,SIDDIPET,ssp585,2030,14.14,Low,0.21,Low,0.0,Low,5.02,Low Risk,,Low Confidence
TELANGANA,SURYAPET,ssp585,2030,5.31,Low,3.06,Low,0.0,Low,2.93,Low Risk,,Low Confidence
TELANGANA,VIKARABAD,ssp585,2030,7.49,Low,3.44,Low,0.0,Low,3.83,Low Risk,,Low Confidence
TELANGANA,WANAPARTHY,ssp585,2030,1.15,Low,7.1,Low,8.8,Low,5.53,Low Risk,,Low Confidence
TELANGANA,WARANGAL,ssp585,2030,15.34,Low,1.14,Low,0.0,Low,5.77,Low Risk,,Low Confidence
TELANGANA,YADADRI BHUVANAGIRI,ssp585,2030,11.93,Low,1.84,Low,0.0,Low,4.82,Low Risk,,Low Confidence
BIHAR,ARARIA,ssp585,2035,47.87,Moderate,41.7,Moderate,46.02,Moderate,45.16,Moderate Risk,,Low Confidence
BIHAR,ARWAL,ssp585,2035,24.59,Low,25.43,Moderate,48.72,Moderate,32.12,Moderate Risk,,Low Confidence
BIHAR,AURANGABAD,ssp585,2035,29.73,Moderate,25.16,Moderate,49.57,Moderate,34.08,Moderate Risk,,Low Confidence
BIHAR,BANKA,ssp585,2035,24.94,Low,31.51,Moderate,59.71,High,37.67,Moderate Risk,,Low Confidence
BIHAR,BEGUSARAI,ssp585,2035,20.06,Low,8.28,Low,0.0,Low,9.92,Low Risk,,Low Confidence
BIHAR,BHAGALPUR,ssp585,2035,27.55,Moderate,38.99,Moderate,41.48,Moderate,35.73,Moderate Risk,,Low Confidence
BIHAR,BHOJPUR,ssp585,2035,14.03,Low,41.06,Moderate,47.07,Moderate,33.4,Moderate Risk,,Low Confidence
BIHAR,BUXAR,ssp585,2035,15.24,Low,57.51,High,63.05,High,44.38,Moderate Risk,,Low Confidence
BIHAR,DARBHANGA,ssp585,2035,26.77,Moderate,29.58,Moderate,53.32,High,35.72,Moderate Risk,,Low Confidence
BIHAR,GAYA,ssp585,2035,20.49,Low,30.8,Moderate,62.8,High,36.79,Moderate Risk,,Low Confidence
BIHAR,GOPALGANJ,ssp585,2035,22.67,Low,78.19,Very High,57.89,High,52.67,High Risk,,Low Confidence
BIHAR,JAMUI,ssp585,2035,23.24,Low,27.24,Moderate,55.79,High,34.41,Moderate Risk,,Low Confidence
BIHAR,JEHANABAD,ssp585,2035,19.23,Low,25.97,Moderate,51.56,High,31.29,Moderate Risk,,Low Confidence
BIHAR,KAIMUR (BHABUA),ssp585,2035,26.05,Moderate,23.47,Low,44.77,Moderate,30.76,Moderate Risk,,Low Confidence
BIHAR,KATIHAR,ssp585,2035,28.63,Moderate,23.85,Low,48.45,Moderate,32.9,Moderate Risk,,Low Confidence
BIHAR,KHAGARIA,ssp585,2035,28.38,Moderate,26.65,Moderate,52.45,High,35.0,Moderate Risk,,Low Confidence
BIHAR,KISHANGANJ,ssp585,2035,61.68,High,80.53,Very High,61.8,High,68.31,High Risk,,Low Confidence
BIHAR,LAKHISARAI,ssp585,2035,23.65,Low,4.45,Low,6.63,Low,11.82,Low Risk,,Low Confidence
BIHAR,MADHEPURA,ssp585,2035,25.36,Moderate,50.13,High,55.15,High,42.97,Moderate Risk,,Low Confidence
BIHAR,MADHUBANI,ssp585,2035,33.68,Moderate,32.88,Moderate,60.9,High,41.57,Moderate Risk,,Low Confidence
BIHAR,MUNGER,ssp585,2035,31.94,Moderate,22.57,Low,44.6,Moderate,32.46,Moderate Risk,,Low Confidence
BIHAR,MUZAFFARPUR,ssp585,2035,22.99,Low,30.11,Moderate,0.0,Low,18.58,Low Risk,,Low Confidence
BIHAR,NALANDA,ssp585,2035,14.67,Low,27.04,Moderate,52.63,High,30.39,Moderate Risk,,Low Confidence
BIHAR,NAWADA,ssp585,2035,17.94,Low,23.24,Low,46.52,Moderate,28.37,Moderate Risk,,Low Confidence
BIHAR,PASHCHIM CHAMPARAN,ssp585,2035,38.83,Moderate,19.58,Low,35.06,Moderate,30.96,Moderate Risk,,Low Confidence
BIHAR,PATNA,ssp585,2035,14.32,Low,24.92,Low,20.43,Low,19.86,Low Risk,,Low Confidence
BIHAR,PURBA CHAMPARAN,ssp585,2035,25.81,Moderate,65.98,High,54.9,High,48.6,Moderate Risk,,Low Confidence
BIHAR,PURNIA,ssp585,2035,37.01,Moderate,19.89,Low,34.66,Moderate,30.31,Moderate Risk,,Low Confidence
BIHAR,ROHTAS,ssp585,2035,27.1,Moderate,23.21,Low,44.58,Moderate,30.98,Moderate Risk,,Low Confidence
BIHAR,SAHARSA,ssp585,2035,28.26,Moderate,53.72,High,70.91,High,49.97,Moderate Risk,,Low Confidence
BIHAR,SAMASTIPUR,ssp585,2035,21.86,Low,2.93,Low,0.0,Low,8.68,Low Risk,,Low Confidence
BIHAR,SARAN,ssp585,2035,16.87,Low,57.47,High,8.2,Low,28.48,Moderate Risk,,Low Confidence
BIHAR,SHEIKHPURA,ssp585,2035,18.19,Low,28.65,Moderate,56.75,High,33.42,Moderate Risk,,Low Confidence
BIHAR,SHEOHAR,ssp585,2035,23.77,Low,23.38,Low,40.39,Moderate,28.62,Moderate Risk,,Low Confidence
BIHAR,SITAMARHI,ssp585,2035,25.95,Moderate,28.76,Moderate,53.0,High,35.05,Moderate Risk,,Low Confidence
BIHAR,SIWAN,ssp585,2035,20.07,Low,74.18,High,42.18,Moderate,45.64,Moderate Risk,,Low Confidence
BIHAR,SUPAUL,ssp585,2035,41.9,Moderate,34.62,Moderate,39.21,Moderate,38.55,Moderate Risk,,Low Confidence
BIHAR,VAISHALI,ssp585,2035,13.0,Low,41.19,Moderate,0.0,Low,18.97,Low Risk,,Low Confidence
MAHARASHTRA,AHILYANAGAR,ssp585,2035,22.47,Low,16.97,Low,20.62,Low,19.99,Low Risk,,Low Confidence
MAHARASHTRA,AKOLA,ssp585,2035,37.99,Moderate,12.64,Low,15.08,Low,22.24,Low Risk,,Low Confidence
MAHARASHTRA,AMRAVATI,ssp585,2035,42.17,Moderate,10.12,Low,13.21,Low,22.26,Low Risk,,Low Confidence
MAHARASHTRA,BEED,ssp585,2035,6.69,Low,26.59,Moderate,49.71,Moderate,26.56,Moderate Risk,,Low Confidence
MAHARASHTRA,BHANDARA,ssp585,2035,43.34,Moderate,9.12,Low,17.62,Low,23.65,Low Risk,,Low Confidence
MAHARASHTRA,BULDHANA,ssp585,2035,29.48,Moderate,16.43,Low,21.89,Low,22.64,Low Risk,,Low Confidence
MAHARASHTRA,CHANDRAPUR,ssp585,2035,37.29,Moderate,9.34,Low,15.95,Low,21.11,Low Risk,,Low Confidence
MAHARASHTRA,CHHATRAPATI SAMBHAJI NAGAR,ssp585,2035,17.98,Low,24.02,Low,33.22,Moderate,24.67,Low Risk,,Low Confidence
MAHARASHTRA,DHARASHIV,ssp585,2035,4.9,Low,31.56,Moderate,60.9,High,31.03,Moderate Risk,,Low Confidence
MAHARASHTRA,DHULE,ssp585,2035,24.78,Low,26.07,Moderate,42.55,Moderate,30.56,Moderate Risk,,Low Confidence
MAHARASHTRA,GADCHIROLI,ssp585,2035,39.59,Moderate,26.35,Moderate,54.18,High,39.33,Moderate Risk,,Low Confidence
MAHARASHTRA,GONDIA,ssp585,2035,41.36,Moderate,10.82,Low,22.13,Low,24.9,Low Risk,,Low Confidence
MAHARASHTRA,HINGOLI,ssp585,2035,23.06,Low,7.55,Low,3.33,Low,11.71,Low Risk,,Low Confidence
MAHARASHTRA,JALGAON,ssp585,2035,28.27,Moderate,20.04,Low,31.4,Moderate,26.33,Moderate Risk,,Low Confidence
MAHARASHTRA,JALNA,ssp585,2035,22.06,Low,16.65,Low,22.68,Low,20.35,Low Risk,,Low Confidence
MAHARASHTRA,KOLHAPUR,ssp585,2035,64.39,High,47.78,Moderate,69.97,High,60.25,High Risk,,Low Confidence
MAHARASHTRA,LATUR,ssp585,2035,11.96,Low,22.11,Low,41.93,Moderate,24.5,Low Risk,,Low Confidence
MAHARASHTRA,MUMBAI,ssp585,2035,97.08,Very High,,Low,25.65,Moderate,,Low Risk,,Low Confidence
MAHARASHTRA,MUMBAI SUBURBAN,ssp585,2035,99.0,Very High,,Low,27.25,Moderate,,Low Risk,,Low Confidence
MAHARASHTRA,NAGPUR,ssp585,2035,40.52,Moderate,4.74,Low,8.23,Low,18.31,Low Risk,,Low Confidence
MAHARASHTRA,NANDED,ssp585,2035,16.12,Low,10.93,Low,18.24,Low,14.94,Low Risk,,Low Confidence
MAHARASHTRA,NANDURBAR,ssp585,2035,33.6,Moderate,19.48,Low,23.81,Low,25.72,Moderate Risk,,Low Confidence
MAHARASHTRA,NASHIK,ssp585,2035,44.37,Moderate,15.97,Low,12.99,Low,25.02,Moderate Risk,,Low Confidence
MAHARASHTRA,PALGHAR,ssp585,2035,99.64,Very High,52.05,High,57.71,High,70.4,High Risk,,Low Confidence
MAHARASHTRA,PARBHANI,ssp585,2035,14.96,Low,11.79,Low,20.38,Low,15.48,Low Risk,,Low Confidence
MAHARASHTRA,PUNE,ssp585,2035,38.28,Moderate,30.86,Moderate,48.21,Moderate,38.66,Moderate Risk,,Low Confidence
MAHARASHTRA,RAIGAD,ssp585,2035,98.33,Very High,85.21,Very High,53.82,High,80.38,Very High Risk,,Low Confidence
MAHARASHTRA,RATNAGIRI,ssp585,2035,100.0,Very High,94.52,Very High,73.71,High,90.2,Very High Risk,,Low Confidence
MAHARASHTRA,SANGLI,ssp585,2035,17.76,Low,37.55,Moderate,70.08,High,40.38,Moderate Risk,,Low Confidence
MAHARASHTRA,SATARA,ssp585,2035,45.57,Moderate,35.53,Moderate,60.42,High,46.51,Moderate Risk,,Low Confidence
MAHARASHTRA,SINDHUDURG,ssp585,2035,99.2,Very High,92.33,Very High,73.13,High,88.97,Very High Risk,,Low Confidence
MAHARASHTRA,SOLAPUR,ssp585,2035,3.13,Low,39.5,Moderate,76.93,Severe,38.0,Moderate Risk,,Low Confidence
MAHARASHTRA,THANE,ssp585,2035,96.85,Very High,27.91,Moderate,38.53,Moderate,55.22,High Risk,,Low Confidence
MAHARASHTRA,WARDHA,ssp585,2035,40.21,Moderate,6.41,Low,7.81,Low,18.66,Low Risk,,Low Confidence
MAHARASHTRA,WASHIM,ssp585,2035,33.42,Moderate,10.79,Low,13.99,Low,19.67,Low Risk,,Low Confidence
MAHARASHTRA,YAVATMAL,ssp585,2035,31.55,Moderate,7.97,Low,9.35,Low,16.64,Low Risk,,Low Confidence
TELANGANA,ADILABAD,ssp585,2035,28.59,Moderate,7.19,Low,11.64,Low,16.02,Low Risk,,Low Confidence
TELANGANA,BHADRADRI KOTHAGUDEM,ssp585,2035,21.68,Low,39.93,Moderate,80.55,Severe,45.73,Moderate Risk,,Low Confidence
TELANGANA,HANUMAKONDA,ssp585,2035,18.93,Low,0.0,Low,0.0,Low,6.63,Low Risk,,Low Confidence
TELANGANA,HYDERABAD,ssp585,2035,15.82,Low,,Low,19.68,Low,,Low Risk,,Low Confidence
TELANGANA,JAGTIAL,ssp585,2035,23.27,Low,0.0,Low,0.0,Low,8.14,Low Risk,,Low Confidence
TELANGANA,JANGAON,ssp585,2035,12.68,Low,1.2,Low,0.0,Low,4.86,Low Risk,,Low Confidence
TELANGANA,JAYASHANKAR BHUPALPALLI,ssp585,2035,35.42,Moderate,5.92,Low,12.65,Low,18.26,Low Risk,,Low Confidence
TELANGANA,JOGULAMBA GADWAL,ssp585,2035,0.07,Low,43.41,Moderate,85.7,Severe,40.93,Moderate Risk,,Low Confidence
TELANGANA,KAMAREDDY,ssp585,2035,19.33,Low,1.56,Low,0.0,Low,7.31,Low Risk,,Low Confidence
TELANGANA,KARIMNAGAR,ssp585,2035,27.49,Moderate,0.23,Low,0.0,Low,9.7,Low Risk,,Low Confidence
TELANGANA,KHAMMAM,ssp585,2035,11.32,Low,25.92,Moderate,55.25,High,29.61,Moderate Risk,,Low Confidence
TELANGANA,KUMURAM BHEEM,ssp585,2035,43.81,Moderate,19.18,Low,36.0,Moderate,32.85,Moderate Risk,,Low Confidence
TELANGANA,MAHABUBABAD,ssp585,2035,12.44,Low,11.63,Low,24.68,Low,15.83,Low Risk,,Low Confidence
TELANGANA,MAHBUBNAGAR,ssp585,2035,0.0,Low,8.27,Low,9.06,Low,5.61,Low Risk,,Low Confidence
TELANGANA,MANCHERIAL,ssp585,2035,37.91,Moderate,8.7,Low,17.79,Low,21.65,Low Risk,,Low Confidence
TELANGANA,MEDAK,ssp585,2035,19.12,Low,0.0,Low,0.0,Low,6.69,Low Risk,,Low Confidence
TELANGANA,MEDCHAL-MALKAJGIRI,ssp585,2035,17.56,Low,15.76,Low,33.36,Moderate,21.67,Low Risk,,Low Confidence
TELANGANA,MULUGU,ssp585,2035,33.67,Moderate,34.3,Moderate,73.22,High,45.76,Moderate Risk,,Low Confidence
TELANGANA,NAGARKURNOOL,ssp585,2035,3.19,Low,32.8,Moderate,64.57,High,31.97,Moderate Risk,,Low Confidence
TELANGANA,NALGONDA,ssp585,2035,6.38,Low,15.07,Low,25.8,Moderate,15.25,Low Risk,,Low Confidence
TELANGANA,NARAYANPET,ssp585,2035,1.25,Low,30.95,Moderate,57.0,High,28.37,Moderate Risk,,Low Confidence
TELANGANA,NIRMAL,ssp585,2035,20.21,Low,0.41,Low,0.0,Low,7.22,Low Risk,,Low Confidence
TELANGANA,NIZAMABAD,ssp585,2035,16.36,Low,0.1,Low,0.0,Low,5.76,Low Risk,,Low Confidence
TELANGANA,PEDDAPALLI,ssp585,2035,28.41,Moderate,0.31,Low,0.0,Low,10.05,Low Risk,,Low Confidence
TELANGANA,RAJANNA SIRCILLA,ssp585,2035,16.83,Low,0.0,Low,0.0,Low,5.89,Low Risk,,Low Confidence
TELANGANA,RANGA REDDY,ssp585,2035,7.7,Low,15.39,Low,26.96,Moderate,16.17,Low Risk,,Low Confidence
TELANGANA,SANGAREDDY,ssp585,2035,17.32,Low,5.08,Low,7.78,Low,10.17,Low Risk,,Low Confidence
TELANGANA,SIDDIPET,ssp585,2035,14.68,Low,0.11,Low,0.0,Low,5.18,Low Risk,,Low Confidence
TELANGANA,SURYAPET,ssp585,2035,5.75,Low,2.89,Low,0.0,Low,3.02,Low Risk,,Low Confidence
TELANGANA,VIKARABAD,ssp585,2035,8.23,Low,19.92,Low,35.53,Moderate,20.51,Low Risk,,Low Confidence
TELANGANA,WANAPARTHY,ssp585,2035,1.18,Low,26.92,Moderate,51.56,High,25.3,Moderate Risk,,Low Confidence
TELANGANA,WARANGAL,ssp585,2035,15.73,Low,1.83,Low,1.69,Low,6.65,Low Risk,,Low Confidence
TELANGANA,YADADRI BHUVANAGIRI,ssp585,2035,12.57,Low,3.59,Low,4.08,Low,6.88,Low Risk,,Low Confidence
BIHAR,ARARIA,ssp585,2040,48.89,Moderate,55.17,High,89.48,Severe,63.27,High Risk,,Low Confidence
BIHAR,ARWAL,ssp585,2040,24.81,Low,39.68,Moderate,79.38,Severe,46.39,Moderate Risk,,Low Confidence
BIHAR,AURANGABAD,ssp585,2040,30.18,Moderate,41.3,Moderate,84.24,Severe,50.29,High Risk,,Low Confidence
BIHAR,BANKA,ssp585,2040,25.47,Moderate,43.71,Moderate,100.0,Severe,54.21,High Risk,,Low Confidence
BIHAR,BEGUSARAI,ssp585,2040,20.22,Low,29.11,Moderate,55.23,High,33.83,Moderate Risk,,Low Confidence
BIHAR,BHAGALPUR,ssp585,2040,27.87,Moderate,45.45,Moderate,64.01,High,44.87,Moderate Risk,,Low Confidence
BIHAR,BHOJPUR,ssp585,2040,14.2,Low,47.31,Moderate,68.59,High,42.11,Moderate Risk,,Low Confidence
BIHAR,BUXAR,ssp585,2040,15.71,Low,62.14,High,80.24,Severe,51.32,High Risk,,Low Confidence
BIHAR,DARBHANGA,ssp585,2040,27.26,Moderate,44.72,Moderate,86.96,Severe,51.28,High Risk,,Low Confidence
BIHAR,GAYA,ssp585,2040,20.72,Low,39.77,Moderate,82.18,Severe,45.83,Moderate Risk,,Low Confidence
BIHAR,GOPALGANJ,ssp585,2040,23.56,Low,81.27,Very High,73.05,High,58.61,High Risk,,Low Confidence
BIHAR,JAMUI,ssp585,2040,23.75,Low,41.05,Moderate,95.41,Severe,51.3,High Risk,,Low Confidence
BIHAR,JEHANABAD,ssp585,2040,19.5,Low,31.48,Moderate,63.65,High,36.94,Moderate Risk,,Low Confidence
BIHAR,KAIMUR (BHABUA),ssp585,2040,26.32,Moderate,37.08,Moderate,74.03,High,44.4,Moderate Risk,,Low Confidence
BIHAR,KATIHAR,ssp585,2040,29.39,Moderate,41.07,Moderate,89.5,Severe,51.51,High Risk,,Low Confidence
BIHAR,KHAGARIA,ssp585,2040,28.75,Moderate,39.97,Moderate,81.0,Severe,48.35,Moderate Risk,,Low Confidence
BIHAR,KISHANGANJ,ssp585,2040,62.47,High,91.54,Very High,100.0,Severe,83.9,Very High Risk,,Low Confidence
BIHAR,LAKHISARAI,ssp585,2040,24.11,Low,26.59,Moderate,54.04,High,33.96,Moderate Risk,,Low Confidence
BIHAR,MADHEPURA,ssp585,2040,25.6,Moderate,59.56,High,83.88,Severe,54.97,High Risk,,Low Confidence
BIHAR,MADHUBANI,ssp585,2040,34.63,Moderate,44.48,Moderate,89.91,Severe,54.66,High Risk,,Low Confidence
BIHAR,MUNGER,ssp585,2040,32.49,Moderate,37.26,Moderate,76.03,Severe,47.22,Moderate Risk,,Low Confidence
BIHAR,MUZAFFARPUR,ssp585,2040,23.58,Low,53.02,High,57.37,High,44.02,Moderate Risk,,Low Confidence
BIHAR,NALANDA,ssp585,2040,14.99,Low,37.08,Moderate,74.12,High,40.46,Moderate Risk,,Low Confidence
BIHAR,NAWADA,ssp585,2040,18.18,Low,39.61,Moderate,81.55,Severe,44.69,Moderate Risk,,Low Confidence
BIHAR,PASHCHIM CHAMPARAN,ssp585,2040,39.95,Moderate,33.56,Moderate,64.95,High,45.21,Moderate Risk,,Low Confidence
BIHAR,PATNA,ssp585,2040,14.49,Low,41.86,Moderate,66.52,High,39.68,Moderate Risk,,Low Confidence
BIHAR,PURBA CHAMPARAN,ssp585,2040,26.52,Moderate,71.67,High,75.93,Severe,57.15,High Risk,,Low Confidence
BIHAR,PURNIA,ssp585,2040,38.23,Moderate,37.45,Moderate,79.15,Severe,50.23,High Risk,,Low Confidence
BIHAR,ROHTAS,ssp585,2040,27.36,Moderate,34.11,Moderate,68.07,High,41.94,Moderate Risk,,Low Confidence
BIHAR,SAHARSA,ssp585,2040,28.62,Moderate,56.54,High,100.0,Severe,59.81,High Risk,,Low Confidence
BIHAR,SAMASTIPUR,ssp585,2040,22.11,Low,25.3,Moderate,49.8,Moderate,31.53,Moderate Risk,,Low Confidence
BIHAR,SARAN,ssp585,2040,17.29,Low,79.72,Very High,63.76,High,53.08,High Risk,,Low Confidence
BIHAR,SHEIKHPURA,ssp585,2040,18.58,Low,42.04,Moderate,85.46,Severe,46.85,Moderate Risk,,Low Confidence
BIHAR,SHEOHAR,ssp585,2040,24.23,Low,31.88,Moderate,58.34,High,37.14,Moderate Risk,,Low Confidence
BIHAR,SITAMARHI,ssp585,2040,26.28,Moderate,42.74,Moderate,82.69,Severe,48.96,Moderate Risk,,Low Confidence
BIHAR,SIWAN,ssp585,2040,20.69,Low,83.4,Very High,62.05,High,55.05,High Risk,,Low Confidence
BIHAR,SUPAUL,ssp585,2040,43.23,Moderate,44.44,Moderate,70.63,High,51.87,High Risk,,Low Confidence
BIHAR,VAISHALI,ssp585,2040,13.31,Low,41.92,Moderate,9.37,Low,22.14,Low Risk,,Low Confidence
MAHARASHTRA,AHILYANAGAR,ssp585,2040,22.71,Low,36.13,Moderate,61.49,High,39.04,Moderate Risk,,Low Confidence
MAHARASHTRA,AKOLA,ssp585,2040,38.38,Moderate,32.51,Moderate,57.74,High,42.13,Moderate Risk,,Low Confidence
MAHARASHTRA,AMRAVATI,ssp585,2040,42.54,Moderate,32.29,Moderate,60.44,High,44.32,Moderate Risk,,Low Confidence
MAHARASHTRA,BEED,ssp585,2040,6.64,Low,36.89,Moderate,71.97,High,36.83,Moderate Risk,,Low Confidence
MAHARASHTRA,BHANDARA,ssp585,2040,43.72,Moderate,27.35,Moderate,56.71,High,41.89,Moderate Risk,,Low Confidence
MAHARASHTRA,BULDHANA,ssp585,2040,29.16,Moderate,38.63,Moderate,69.95,High,44.71,Moderate Risk,,Low Confidence
MAHARASHTRA,CHANDRAPUR,ssp585,2040,37.34,Moderate,38.78,Moderate,79.11,Severe,50.38,High Risk,,Low Confidence
MAHARASHTRA,CHHATRAPATI SAMBHAJI NAGAR,ssp585,2040,17.62,Low,45.74,Moderate,80.15,Severe,46.22,Moderate Risk,,Low Confidence
MAHARASHTRA,DHARASHIV,ssp585,2040,5.57,Low,42.95,Moderate,90.68,Severe,44.19,Moderate Risk,,Low Confidence
MAHARASHTRA,DHULE,ssp585,2040,24.74,Low,44.64,Moderate,82.82,Severe,49.13,Moderate Risk,,Low Confidence
MAHARASHTRA,GADCHIROLI,ssp585,2040,39.44,Moderate,40.8,Moderate,100.0,Severe,58.08,High Risk,,Low Confidence
MAHARASHTRA,GONDIA,ssp585,2040,41.96,Moderate,35.11,Moderate,74.24,High,49.25,Moderate Risk,,Low Confidence
MAHARASHTRA,HINGOLI,ssp585,2040,23.48,Low,17.9,Low,26.24,Moderate,22.36,Low Risk,,Low Confidence
MAHARASHTRA,JALGAON,ssp585,2040,28.21,Moderate,39.04,Moderate,72.86,High,45.4,Moderate Risk,,Low Confidence
MAHARASHTRA,JALNA,ssp585,2040,21.56,Low,35.61,Moderate,63.7,High,39.12,Moderate Risk,,Low Confidence
MAHARASHTRA,KOLHAPUR,ssp585,2040,65.47,High,49.12,Moderate,100.0,Severe,70.11,High Risk,,Low Confidence
MAHARASHTRA,LATUR,ssp585,2040,12.61,Low,34.68,Moderate,68.64,High,37.14,Moderate Risk,,Low Confidence
MAHARASHTRA,MUMBAI,ssp585,2040,97.36,Very High,,Low,64.1,High,,Low Risk,,Low Confidence
MAHARASHTRA,MUMBAI SUBURBAN,ssp585,2040,99.15,Very High,,Low,60.49,High,,Low Risk,,Low Confidence
MAHARASHTRA,NAGPUR,ssp585,2040,40.95,Moderate,17.74,Low,36.11,Moderate,31.37,Moderate Risk,,Low Confidence
MAHARASHTRA,NANDED,ssp585,2040,16.66,Low,10.94,Low,18.81,Low,15.3,Low Risk,,Low Confidence
MAHARASHTRA,NANDURBAR,ssp585,2040,33.98,Moderate,37.41,Moderate,62.24,High,43.66,Moderate Risk,,Low Confidence
MAHARASHTRA,NASHIK,ssp585,2040,44.26,Moderate,30.14,Moderate,43.0,Moderate,38.94,Moderate Risk,,Low Confidence
MAHARASHTRA,PALGHAR,ssp585,2040,100.0,Very High,60.1,High,87.74,Severe,82.36,Very High Risk,,Low Confidence
MAHARASHTRA,PARBHANI,ssp585,2040,15.13,Low,30.25,Moderate,60.2,High,33.94,Moderate Risk,,Low Confidence
MAHARASHTRA,PUNE,ssp585,2040,38.7,Moderate,48.44,Moderate,91.88,Severe,58.06,High Risk,,Low Confidence
MAHARASHTRA,RAIGAD,ssp585,2040,98.92,Very High,100.0,Very High,95.03,Severe,98.13,Very High Risk,,Low Confidence
MAHARASHTRA,RATNAGIRI,ssp585,2040,100.0,Very High,100.0,Very High,100.0,Severe,100.0,Very High Risk,,Low Confidence
MAHARASHTRA,SANGLI,ssp585,2040,18.47,Low,44.75,Moderate,99.9,Severe,52.1,High Risk,,Low Confidence
MAHARASHTRA,SATARA,ssp585,2040,46.66,Moderate,47.3,Moderate,95.81,Severe,61.63,High Risk,,Low Confidence
MAHARASHTRA,SINDHUDURG,ssp585,2040,99.42,Very High,98.11,Very High,100.0,Severe,99.14,Very High Risk,,Low Confidence
MAHARASHTRA,SOLAPUR,ssp585,2040,3.29,Low,43.43,Moderate,89.42,Severe,43.18,Moderate Risk,,Low Confidence
MAHARASHTRA,THANE,ssp585,2040,97.18,Very High,47.63,Moderate,80.34,Severe,74.79,High Risk,,Low Confidence
MAHARASHTRA,WARDHA,ssp585,2040,40.62,Moderate,23.13,Low,43.55,Moderate,35.38,Moderate Risk,,Low Confidence
MAHARASHTRA,WASHIM,ssp585,2040,33.59,Moderate,16.75,Low,27.38,Moderate,25.83,Moderate Risk,,Low Confidence
MAHARASHTRA,YAVATMAL,ssp585,2040,31.79,Moderate,21.93,Low,39.49,Moderate,30.65,Moderate Risk,,Low Confidence
TELANGANA,ADILABAD,ssp585,2040,29.3,Moderate,35.02,Moderate,71.31,High,43.9,Moderate Risk,,Low Confidence
TELANGANA,BHADRADRI KOTHAGUDEM,ssp585,2040,22.28,Low,42.2,Moderate,100.0,Severe,52.57,High Risk,,Low Confidence
TELANGANA,HANUMAKONDA,ssp585,2040,19.42,Low,11.67,Low,24.92,Low,18.36,Low Risk,,Low Confidence
TELANGANA,HYDERABAD,ssp585,2040,16.64,Low,,Low,81.56,Severe,,Low Risk,,Low Confidence
TELANGANA,JAGTIAL,ssp585,2040,23.69,Low,0.22,Low,0.48,Low,8.51,Low Risk,,Low Confidence
TELANGANA,JANGAON,ssp585,2040,13.21,Low,7.9,Low,14.52,Low,11.74,Low Risk,,Low Confidence
TELANGANA,JAYASHANKAR BHUPALPALLI,ssp585,2040,35.76,Moderate,33.35,Moderate,71.2,High,45.55,Moderate Risk,,Low Confidence
TELANGANA,JOGULAMBA GADWAL,ssp585,2040,0.04,Low,43.32,Moderate,100.0,Severe,45.18,Moderate Risk,,Low Confidence
TELANGANA,KAMAREDDY,ssp585,2040,20.07,Low,1.52,Low,0.0,Low,7.56,Low Risk,,Low Confidence
TELANGANA,KARIMNAGAR,ssp585,2040,28.07,Moderate,0.09,Low,0.0,Low,9.86,Low Risk,,Low Confidence
TELANGANA,KHAMMAM,ssp585,2040,11.93,Low,40.0,Moderate,88.24,Severe,44.65,Moderate Risk,,Low Confidence
TELANGANA,KUMURAM BHEEM,ssp585,2040,44.31,Moderate,42.2,Moderate,100.0,Severe,60.28,High Risk,,Low Confidence
TELANGANA,MAHABUBABAD,ssp585,2040,12.92,Low,18.32,Low,39.12,Moderate,22.67,Low Risk,,Low Confidence
TELANGANA,MAHBUBNAGAR,ssp585,2040,0.1,Low,30.45,Moderate,56.61,High,27.68,Moderate Risk,,Low Confidence
TELANGANA,MANCHERIAL,ssp585,2040,38.17,Moderate,34.49,Moderate,73.15,High,47.38,Moderate Risk,,Low Confidence
TELANGANA,MEDAK,ssp585,2040,20.05,Low,0.0,Low,0.0,Low,7.02,Low Risk,,Low Confidence
TELANGANA,MEDCHAL-MALKAJGIRI,ssp585,2040,18.51,Low,40.07,Moderate,93.51,Severe,48.56,Moderate Risk,,Low Confidence
TELANGANA,MULUGU,ssp585,2040,34.16,Moderate,40.0,Moderate,100.0,Severe,55.96,High Risk,,Low Confidence
TELANGANA,NAGARKURNOOL,ssp585,2040,3.18,Low,42.49,Moderate,100.0,Severe,45.98,Moderate Risk,,Low Confidence
TELANGANA,NALGONDA,ssp585,2040,6.88,Low,42.84,Moderate,86.76,Severe,43.43,Moderate Risk,,Low Confidence
TELANGANA,NARAYANPET,ssp585,2040,1.52,Low,44.14,Moderate,100.0,Severe,45.98,Moderate Risk,,Low Confidence
TELANGANA,NIRMAL,ssp585,2040,20.81,Low,7.27,Low,15.07,Low,14.35,Low Risk,,Low Confidence
TELANGANA,NIZAMABAD,ssp585,2040,16.9,Low,0.0,Low,0.0,Low,5.91,Low Risk,,Low Confidence
TELANGANA,PEDDAPALLI,ssp585,2040,28.8,Moderate,1.15,Low,2.11,Low,11.12,Low Risk,,Low Confidence
TELANGANA,RAJANNA SIRCILLA,ssp585,2040,17.28,Low,0.0,Low,0.0,Low,6.05,Low Risk,,Low Confidence
TELANGANA,RANGA REDDY,ssp585,2040,8.4,Low,42.67,Moderate,99.67,Severe,47.78,Moderate Risk,,Low Confidence
TELANGANA,SANGAREDDY,ssp585,2040,18.25,Low,23.1,Low,46.35,Moderate,28.38,Moderate Risk,,Low Confidence
TELANGANA,SIDDIPET,ssp585,2040,15.21,Low,0.0,Low,0.0,Low,5.32,Low Risk,,Low Confidence
TELANGANA,SURYAPET,ssp585,2040,6.22,Low,14.27,Low,24.66,Low,14.57,Low Risk,,Low Confidence
TELANGANA,VIKARABAD,ssp585,2040,8.97,Low,43.11,Moderate,94.38,Severe,46.54,Moderate Risk,,Low Confidence
TELANGANA,WANAPARTHY,ssp585,2040,1.21,Low,42.58,Moderate,88.03,Severe,41.74,Moderate Risk,,Low Confidence
TELANGANA,WARANGAL,ssp585,2040,16.12,Low,21.93,Low,44.81,Moderate,26.76,Moderate Risk,,Low Confidence
TELANGANA,YADADRI BHUVANAGIRI,ssp585,2040,13.22,Low,18.05,Low,35.29,Moderate,21.53,Low Risk,,Low Confidence
