state,district,scenario,year,risk_rank,overall_risk_score,overall_risk_class,flood_hazard_score,drought_hazard_score,ag_stress_score
MAHARASHTRA,SINDHUDURG,ssp245,2030,1,65.58,High Risk,98.22,69.04,23.45
MAHARASHTRA,RATNAGIRI,ssp245,2030,2,64.39,High Risk,99.82,68.54,18.22
MAHARASHTRA,RAIGAD,ssp245,2030,3,55.21,High Risk,97.74,60.0,0.0
MAHARASHTRA,PALGHAR,ssp245,2030,4,44.77,Moderate Risk,99.27,28.64,0.0
BIHAR,KISHANGANJ,ssp245,2030,5,39.24,Moderate Risk,60.49,51.63,0.0
MAHARASHTRA,THANE,ssp245,2030,6,37.14,Moderate Risk,96.43,9.69,0.0
MAHARASHTRA,KOLHAPUR,ssp245,2030,7,29.36,Moderate Risk,63.32,20.05,0.59
BIHAR,SIWAN,ssp245,2030,8,25.89,Moderate Risk,19.44,54.52,0.0
BIHAR,GOPALGANJ,ssp245,2030,9,25.84,Moderate Risk,21.77,52.07,0.0
BIHAR,SARAN,ssp245,2030,10,24.7,Low Risk,16.45,54.13,0.0
BIHAR,ARARIA,ssp245,2030,11,24.65,Low Risk,46.84,23.6,0.0
BIHAR,PURBA CHAMPARAN,ssp245,2030,12,23.46,Low Risk,25.09,41.93,0.0
BIHAR,SUPAUL,ssp245,2030,13,21.21,Low Risk,40.57,20.03,0.0
BIHAR,VAISHALI,ssp245,2030,14,19.26,Low Risk,12.7,42.32,0.0
BIHAR,MUZAFFARPUR,ssp245,2030,15,19.09,Low Risk,22.39,32.16,0.0
MAHARASHTRA,NASHIK,ssp245,2030,16,18.99,Low Risk,44.48,9.78,0.0
BIHAR,MADHEPURA,ssp245,2030,17,18.13,Low Risk,25.12,26.69,0.0
MAHARASHTRA,SATARA,ssp245,2030,18,18.07,Low Risk,44.48,7.15,0.0
BIHAR,SAHARSA,ssp245,2030,19,17.84,Low Risk,27.91,23.06,0.0
BIHAR,BHAGALPUR,ssp245,2030,20,17.32,Low Risk,27.23,22.25,0.0
MAHARASHTRA,PUNE,ssp245,2030,21,16.1,Low Risk,37.86,8.13,0.0
TELANGANA,KUMURAM BHEEM,ssp245,2030,22,16.01,Low Risk,43.31,2.43,0.0
MAHARASHTRA,AMRAVATI,ssp245,2030,23,15.99,Low Risk,41.8,3.88,0.0
BIHAR,BUXAR,ssp245,2030,24,15.56,Low Risk,14.76,29.7,0.0
MAHARASHTRA,BHANDARA,ssp245,2030,25,15.36,Low Risk,42.96,0.94,0.0
BIHAR,PURNIA,ssp245,2030,26,15.32,Low Risk,35.79,7.98,0.0
MAHARASHTRA,AKOLA,ssp245,2030,27,15.16,Low Risk,37.6,5.7,0.0
MAHARASHTRA,WARDHA,ssp245,2030,28,14.9,Low Risk,39.8,2.78,0.0
MAHARASHTRA,NANDURBAR,ssp245,2030,29,14.56,Low Risk,33.22,8.39,0.0
MAHARASHTRA,GONDIA,ssp245,2030,30,14.47,Low Risk,40.76,0.58,0.0
BIHAR,PASHCHIM CHAMPARAN,ssp245,2030,31,14.41,Low Risk,37.72,3.44,0.0
MAHARASHTRA,NAGPUR,ssp245,2030,32,14.36,Low Risk,40.08,0.95,0.0
MAHARASHTRA,GADCHIROLI,ssp245,2030,33,14.31,Low Risk,39.74,1.14,0.0
MAHARASHTRA,CHANDRAPUR,ssp245,2030,34,13.74,Low Risk,37.23,2.03,0.0
TELANGANA,MANCHERIAL,ssp245,2030,35,13.36,Low Risk,37.65,0.51,0.0
MAHARASHTRA,WASHIM,ssp245,2030,36,13.23,Low Risk,33.24,4.55,0.0
BIHAR,MADHUBANI,ssp245,2030,37,12.94,Low Risk,32.73,4.23,0.0
MAHARASHTRA,BULDHANA,ssp245,2030,38,12.7,Low Risk,29.79,6.5,0.0
BIHAR,BHOJPUR,ssp245,2030,39,12.44,Low Risk,13.86,21.69,0.0
TELANGANA,JAYASHANKAR BHUPALPALLI,ssp245,2030,40,12.29,Low Risk,35.08,0.04,0.0
MAHARASHTRA,YAVATMAL,ssp245,2030,41,12.28,Low Risk,31.32,3.76,0.0
MAHARASHTRA,JALGAON,ssp245,2030,42,11.92,Low Risk,28.32,5.75,0.0
TELANGANA,MULUGU,ssp245,2030,43,11.65,Low Risk,33.17,0.11,0.0
BIHAR,PATNA,ssp245,2030,44,11.58,Low Risk,14.15,18.94,0.0
BIHAR,MUNGER,ssp245,2030,45,11.58,Low Risk,31.38,1.72,0.0
BIHAR,BEGUSARAI,ssp245,2030,46,11.35,Low Risk,19.91,12.51,0.0
BIHAR,KHAGARIA,ssp245,2030,47,11.0,Low Risk,28.01,3.43,0.0
BIHAR,AURANGABAD,ssp245,2030,48,10.97,Low Risk,29.28,2.05,0.0
MAHARASHTRA,DHULE,ssp245,2030,49,10.94,Low Risk,24.81,6.44,0.0
BIHAR,SHEOHAR,ssp245,2030,50,10.87,Low Risk,23.3,7.77,0.0
BIHAR,DARBHANGA,ssp245,2030,51,10.77,Low Risk,26.29,4.49,0.0
BIHAR,KATIHAR,ssp245,2030,52,10.46,Low Risk,27.88,2.01,0.0
TELANGANA,ADILABAD,ssp245,2030,53,10.41,Low Risk,27.87,1.87,0.0
MAHARASHTRA,AHILYANAGAR,ssp245,2030,54,10.34,Low Risk,22.24,7.3,0.0
BIHAR,SITAMARHI,ssp245,2030,55,10.32,Low Risk,25.62,3.87,0.0
BIHAR,ROHTAS,ssp245,2030,56,10.24,Low Risk,26.84,2.43,0.0
BIHAR,SAMASTIPUR,ssp245,2030,57,10.16,Low Risk,21.6,7.42,0.0
MAHARASHTRA,HINGOLI,ssp245,2030,58,10.15,Low Risk,22.64,6.36,0.0
MAHARASHTRA,JALNA,ssp245,2030,59,10.1,Low Risk,22.57,6.29,0.0
TELANGANA,PEDDAPALLI,ssp245,2030,60,9.97,Low Risk,28.02,0.47,0.0
BIHAR,KAIMUR (BHABUA),ssp245,2030,61,9.93,Low Risk,25.77,2.59,0.0
BIHAR,BANKA,ssp245,2030,62,9.72,Low Risk,24.42,3.36,0.0
TELANGANA,KARIMNAGAR,ssp245,2030,63,9.55,Low Risk,26.9,0.38,0.0
BIHAR,ARWAL,ssp245,2030,64,9.48,Low Risk,24.37,2.72,0.0
MAHARASHTRA,CHHATRAPATI SAMBHAJI NAGAR,ssp245,2030,65,9.47,Low Risk,18.34,8.72,0.0
BIHAR,LAKHISARAI,ssp245,2030,66,8.61,Low Risk,23.19,1.4,0.0
BIHAR,JAMUI,ssp245,2030,67,8.36,Low Risk,22.72,1.16,0.0
TELANGANA,BHADRADRI KOTHAGUDEM,ssp245,2030,68,8.15,Low Risk,21.08,2.2,0.0
TELANGANA,JAGTIAL,ssp245,2030,69,8.06,Low Risk,22.86,0.17,0.0
BIHAR,JEHANABAD,ssp245,2030,70,8.05,Low Risk,18.96,4.04,0.0
BIHAR,GAYA,ssp245,2030,71,7.62,Low Risk,20.27,1.49,0.0
MAHARASHTRA,SANGLI,ssp245,2030,72,7.61,Low Risk,17.04,4.7,0.0
BIHAR,NALANDA,ssp245,2030,73,7.4,Low Risk,14.35,6.8,0.0
TELANGANA,NIRMAL,ssp245,2030,74,7.08,Low Risk,19.62,0.61,0.0
TELANGANA,KAMAREDDY,ssp245,2030,75,7.07,Low Risk,18.58,1.61,0.0
BIHAR,SHEIKHPURA,ssp245,2030,76,6.96,Low Risk,17.79,2.1,0.0
BIHAR,NAWADA,ssp245,2030,77,6.72,Low Risk,17.7,1.49,0.0
TELANGANA,HANUMAKONDA,ssp245,2030,78,6.49,Low Risk,18.43,0.1,0.0
TELANGANA,MEDAK,ssp245,2030,79,6.4,Low Risk,18.19,0.1,0.0
MAHARASHTRA,NANDED,ssp245,2030,80,6.38,Low Risk,15.58,2.64,0.0
TELANGANA,SANGAREDDY,ssp245,2030,81,6.26,Low Risk,16.4,1.49,0.0
MAHARASHTRA,PARBHANI,ssp245,2030,82,6.03,Low Risk,14.79,2.43,0.0
TELANGANA,MEDCHAL-MALKAJGIRI,ssp245,2030,83,5.9,Low Risk,16.65,0.21,0.0
TELANGANA,WARANGAL,ssp245,2030,84,5.77,Low Risk,15.34,1.14,0.0
TELANGANA,RAJANNA SIRCILLA,ssp245,2030,85,5.73,Low Risk,16.38,0.0,0.0
TELANGANA,NIZAMABAD,ssp245,2030,86,5.62,Low Risk,15.82,0.25,0.0
TELANGANA,JOGULAMBA GADWAL,ssp245,2030,87,5.33,Low Risk,0.1,7.61,8.77
TELANGANA,SIDDIPET,ssp245,2030,88,5.02,Low Risk,14.14,0.21,0.0
TELANGANA,YADADRI BHUVANAGIRI,ssp245,2030,89,4.82,Low Risk,11.93,1.84,0.0
MAHARASHTRA,LATUR,ssp245,2030,90,4.8,Low Risk,11.3,2.41,0.0
TELANGANA,JANGAON,ssp245,2030,91,4.71,Low Risk,12.16,1.31,0.0
TELANGANA,MAHABUBABAD,ssp245,2030,92,4.25,Low Risk,11.96,0.18,0.0
TELANGANA,VIKARABAD,ssp245,2030,93,3.83,Low Risk,7.49,3.44,0.0
TELANGANA,KHAMMAM,ssp245,2030,94,3.81,Low Risk,10.71,0.17,0.0
MAHARASHTRA,BEED,ssp245,2030,95,3.56,Low Risk,6.75,3.42,0.0
TELANGANA,RANGA REDDY,ssp245,2030,96,3.44,Low Risk,6.99,2.85,0.0
TELANGANA,NALGONDA,ssp245,2030,97,3.21,Low Risk,6.05,3.12,0.0
TELANGANA,SURYAPET,ssp245,2030,98,2.93,Low Risk,5.31,3.06,0.0
MAHARASHTRA,DHARASHIV,ssp245,2030,99,2.64,Low Risk,4.41,3.12,0.0
MAHARASHTRA,SOLAPUR,ssp245,2030,100,2.3,Low Risk,3.07,3.51,0.0
TELANGANA,NAGARKURNOOL,ssp245,2030,101,2.04,Low Risk,3.2,2.62,0.0
TELANGANA,NARAYANPET,ssp245,2030,102,1.87,Low Risk,0.98,4.37,0.0
TELANGANA,MAHBUBNAGAR,ssp245,2030,103,1.44,Low Risk,0.0,4.12,0.0
TELANGANA,WANAPARTHY,ssp245,2030,104,1.44,Low Risk,1.15,2.97,0.0
MAHARASHTRA,MUMBAI,ssp245,2030,105,,Low Risk,96.8,,0.0
MAHARASHTRA,MUMBAI SUBURBAN,ssp245,2030,106,,Low Risk,98.86,,0.0
TELANGANA,HYDERABAD,ssp245,2030,107,,Low Risk,15.0,,0.0
MAHARASHTRA,SINDHUDURG,ssp245,2035,1,77.5,Very High Risk,99.2,80.75,48.39
MAHARASHTRA,RATNAGIRI,ssp245,2035,2,75.48,Very High Risk,100.0,79.67,42.0
MAHARASHTRA,RAIGAD,ssp245,2035,3,56.56,High Risk,98.33,61.15,2.46
BIHAR,KISHANGANJ,ssp245,2035,4,54.75,High Risk,61.68,66.84,32.56
MAHARASHTRA,KOLHAPUR,ssp245,2035,5,44.28,Moderate Risk,64.39,31.17,36.1
MAHARASHTRA,PALGHAR,ssp245,2035,6,43.24,Moderate Risk,99.64,23.91,0.0
MAHARASHTRA,THANE,ssp245,2035,7,37.35,Moderate Risk,96.85,9.87,0.0
BIHAR,SIWAN,ssp245,2035,8,26.08,Moderate Risk,20.07,54.43,0.0
BIHAR,SAHARSA,ssp245,2035,9,24.88,Low Risk,28.26,27.51,17.88
BIHAR,GOPALGANJ,ssp245,2035,10,24.6,Low Risk,22.67,47.61,0.0
BIHAR,SARAN,ssp245,2035,11,23.39,Low Risk,16.87,49.96,0.0
BIHAR,ARARIA,ssp245,2035,12,23.32,Low Risk,47.87,18.77,0.0
BIHAR,PURBA CHAMPARAN,ssp245,2035,13,22.17,Low Risk,25.81,37.53,0.0
BIHAR,SUPAUL,ssp245,2035,14,20.05,Low Risk,41.9,15.39,0.0
MAHARASHTRA,NASHIK,ssp245,2035,15,18.99,Low Risk,44.37,9.89,0.0
MAHARASHTRA,SATARA,ssp245,2035,16,18.74,Low Risk,45.57,7.49,0.55
TELANGANA,BHADRADRI KOTHAGUDEM,ssp245,2035,17,18.59,Low Risk,21.68,12.53,22.05
BIHAR,VAISHALI,ssp245,2035,18,17.97,Low Risk,13.0,38.35,0.0
BIHAR,MUZAFFARPUR,ssp245,2035,19,17.88,Low Risk,22.99,28.11,0.0
MAHARASHTRA,SANGLI,ssp245,2035,20,16.93,Low Risk,17.76,13.87,19.52
BIHAR,MADHEPURA,ssp245,2035,21,16.8,Low Risk,25.36,22.65,0.0
MAHARASHTRA,PUNE,ssp245,2035,22,16.3,Low Risk,38.28,8.28,0.0
TELANGANA,KUMURAM BHEEM,ssp245,2035,23,16.14,Low Risk,43.81,2.31,0.0
MAHARASHTRA,AMRAVATI,ssp245,2035,24,16.13,Low Risk,42.17,3.93,0.0
BIHAR,BHAGALPUR,ssp245,2035,25,16.02,Low Risk,27.55,18.22,0.0
MAHARASHTRA,BHANDARA,ssp245,2035,26,15.47,Low Risk,43.34,0.86,0.0
MAHARASHTRA,AKOLA,ssp245,2035,27,15.25,Low Risk,37.99,5.58,0.0
MAHARASHTRA,WARDHA,ssp245,2035,28,15.04,Low Risk,40.21,2.75,0.0
BIHAR,PASHCHIM CHAMPARAN,ssp245,2035,29,14.7,Low Risk,38.83,3.16,0.0
MAHARASHTRA,NANDURBAR,ssp245,2035,30,14.67,Low Risk,33.6,8.32,0.0
MAHARASHTRA,GONDIA,ssp245,2035,31,14.63,Low Risk,41.36,0.45,0.0
BIHAR,BUXAR,ssp245,2035,32,14.5,Low Risk,15.24,26.18,0.0
MAHARASHTRA,NAGPUR,ssp245,2035,33,14.49,Low Risk,40.52,0.89,0.0
MAHARASHTRA,GADCHIROLI,ssp245,2035,34,14.2,Low Risk,39.59,0.97,0.0
BIHAR,PURNIA,ssp245,2035,35,14.15,Low Risk,37.01,3.42,0.0
MAHARASHTRA,CHANDRAPUR,ssp245,2035,36,13.71,Low Risk,37.29,1.87,0.0
TELANGANA,MANCHERIAL,ssp245,2035,37,13.4,Low Risk,37.91,0.37,0.0
BIHAR,MADHUBANI,ssp245,2035,38,13.31,Low Risk,33.68,4.35,0.0
MAHARASHTRA,WASHIM,ssp245,2035,39,13.18,Low Risk,33.42,4.24,0.0
MAHARASHTRA,BULDHANA,ssp245,2035,40,12.48,Low Risk,29.48,6.18,0.0
TELANGANA,JAYASHANKAR BHUPALPALLI,ssp245,2035,41,12.4,Low Risk,35.42,0.0,0.0
MAHARASHTRA,YAVATMAL,ssp245,2035,42,12.3,Low Risk,31.55,3.59,0.0
TELANGANA,MULUGU,ssp245,2035,43,11.78,Low Risk,33.67,0.0,0.0
BIHAR,MUNGER,ssp245,2035,44,11.77,Low Risk,31.94,1.68,0.0
MAHARASHTRA,JALGAON,ssp245,2035,45,11.76,Low Risk,28.27,5.33,0.0
BIHAR,BHOJPUR,ssp245,2035,46,11.2,Low Risk,14.03,17.96,0.0
BIHAR,AURANGABAD,ssp245,2035,47,11.09,Low Risk,29.73,1.95,0.0
BIHAR,DARBHANGA,ssp245,2035,48,10.98,Low Risk,26.77,4.6,0.0
MAHARASHTRA,DHULE,ssp245,2035,49,10.82,Low Risk,24.78,6.14,0.0
BIHAR,KHAGARIA,ssp245,2035,50,10.66,Low Risk,28.38,2.08,0.0
TELANGANA,ADILABAD,ssp245,2035,51,10.62,Low Risk,28.59,1.74,0.0
BIHAR,SITAMARHI,ssp245,2035,52,10.46,Low Risk,25.95,3.94,0.0
MAHARASHTRA,AHILYANAGAR,ssp245,2035,53,10.43,Low Risk,22.47,7.32,0.0
BIHAR,KATIHAR,ssp245,2035,54,10.43,Low Risk,28.63,1.16,0.0
BIHAR,ROHTAS,ssp245,2035,55,10.3,Low Risk,27.1,2.32,0.0
MAHARASHTRA,HINGOLI,ssp245,2035,56,10.16,Low Risk,23.06,5.98,0.0
BIHAR,PATNA,ssp245,2035,57,10.1,Low Risk,14.32,14.54,0.0
TELANGANA,PEDDAPALLI,ssp245,2035,58,10.05,Low Risk,28.41,0.31,0.0
BIHAR,KAIMUR (BHABUA),ssp245,2035,59,9.99,Low Risk,26.05,2.5,0.0
BIHAR,BANKA,ssp245,2035,60,9.97,Low Risk,24.94,3.54,0.0
BIHAR,SHEOHAR,ssp245,2035,61,9.88,Low Risk,23.77,4.47,0.0
MAHARASHTRA,JALNA,ssp245,2035,62,9.83,Low Risk,22.06,6.03,0.0
BIHAR,BEGUSARAI,ssp245,2035,63,9.76,Low Risk,20.06,7.82,0.0
TELANGANA,KARIMNAGAR,ssp245,2035,64,9.7,Low Risk,27.49,0.23,0.0
BIHAR,ARWAL,ssp245,2035,65,9.52,Low Risk,24.59,2.61,0.0
MAHARASHTRA,CHHATRAPATI SAMBHAJI NAGAR,ssp245,2035,66,9.25,Low Risk,17.98,8.46,0.0
BIHAR,LAKHISARAI,ssp245,2035,67,8.75,Low Risk,23.65,1.34,0.0
BIHAR,SAMASTIPUR,ssp245,2035,68,8.65,Low Risk,21.86,2.86,0.0
TELANGANA,JOGULAMBA GADWAL,ssp245,2035,69,8.57,Low Risk,0.07,10.84,15.85
BIHAR,JAMUI,ssp245,2035,70,8.52,Low Risk,23.24,1.11,0.0
TELANGANA,JAGTIAL,ssp245,2035,71,8.14,Low Risk,23.27,0.0,0.0
BIHAR,GAYA,ssp245,2035,72,7.65,Low Risk,20.49,1.38,0.0
BIHAR,JEHANABAD,ssp245,2035,73,7.37,Low Risk,19.23,1.82,0.0
TELANGANA,KAMAREDDY,ssp245,2035,74,7.31,Low Risk,19.33,1.56,0.0
TELANGANA,NIRMAL,ssp245,2035,75,7.22,Low Risk,20.21,0.41,0.0
BIHAR,SHEIKHPURA,ssp245,2035,76,7.09,Low Risk,18.19,2.07,0.0
TELANGANA,KHAMMAM,ssp245,2035,77,6.99,Low Risk,11.32,3.08,6.49
BIHAR,NAWADA,ssp245,2035,78,6.79,Low Risk,17.94,1.45,0.0
TELANGANA,MEDAK,ssp245,2035,79,6.69,Low Risk,19.12,0.0,0.0
TELANGANA,HANUMAKONDA,ssp245,2035,80,6.63,Low Risk,18.93,0.0,0.0
TELANGANA,SANGAREDDY,ssp245,2035,81,6.57,Low Risk,17.32,1.44,0.0
MAHARASHTRA,NANDED,ssp245,2035,82,6.48,Low Risk,16.12,2.38,0.0
TELANGANA,MEDCHAL-MALKAJGIRI,ssp245,2035,83,6.19,Low Risk,17.56,0.14,0.0
MAHARASHTRA,PARBHANI,ssp245,2035,84,6.02,Low Risk,14.96,2.24,0.0
BIHAR,NALANDA,ssp245,2035,85,5.97,Low Risk,14.67,2.38,0.0
TELANGANA,RAJANNA SIRCILLA,ssp245,2035,86,5.89,Low Risk,16.83,0.0,0.0
TELANGANA,WARANGAL,ssp245,2035,87,5.87,Low Risk,15.73,1.04,0.0
TELANGANA,NIZAMABAD,ssp245,2035,88,5.76,Low Risk,16.36,0.1,0.0
TELANGANA,SIDDIPET,ssp245,2035,89,5.18,Low Risk,14.68,0.11,0.0
MAHARASHTRA,LATUR,ssp245,2035,90,5.05,Low Risk,11.96,2.47,0.0
TELANGANA,YADADRI BHUVANAGIRI,ssp245,2035,91,4.99,Low Risk,12.57,1.68,0.0
TELANGANA,JANGAON,ssp245,2035,92,4.86,Low Risk,12.68,1.2,0.0
TELANGANA,MAHABUBABAD,ssp245,2035,93,4.38,Low Risk,12.44,0.07,0.0
TELANGANA,VIKARABAD,ssp245,2035,94,4.03,Low Risk,8.23,3.27,0.0
TELANGANA,RANGA REDDY,ssp245,2035,95,3.66,Low Risk,7.7,2.76,0.0
MAHARASHTRA,BEED,ssp245,2035,96,3.5,Low Risk,6.69,3.3,0.0
TELANGANA,NALGONDA,ssp245,2035,97,3.28,Low Risk,6.38,2.98,0.0
TELANGANA,SURYAPET,ssp245,2035,98,3.02,Low Risk,5.75,2.89,0.0
MAHARASHTRA,DHARASHIV,ssp245,2035,99,2.78,Low Risk,4.9,3.03,0.0
MAHARASHTRA,SOLAPUR,ssp245,2035,100,2.31,Low Risk,3.13,3.47,0.0
TELANGANA,NAGARKURNOOL,ssp245,2035,101,2.01,Low Risk,3.19,2.55,0.0
TELANGANA,NARAYANPET,ssp245,2035,102,1.92,Low Risk,1.25,4.25,0.0
TELANGANA,MAHBUBNAGAR,ssp245,2035,103,1.41,Low Risk,0.0,4.03,0.0
TELANGANA,WANAPARTHY,ssp245,2035,104,1.39,Low Risk,1.18,2.78,0.0
MAHARASHTRA,MUMBAI,ssp245,2035,105,,Low Risk,97.08,,0.0
MAHARASHTRA,MUMBAI SUBURBAN,ssp245,2035,106,,Low Risk,99.0,,0.0
TELANGANA,HYDERABAD,ssp245,2035,107,,Low Risk,15.82,,0.0
MAHARASHTRA,SINDHUDURG,ssp245,2040,1,84.36,Very High Risk,99.42,87.61,63.0
MAHARASHTRA,RATNAGIRI,ssp245,2040,2,83.82,Very High Risk,100.0,88.09,59.97
MAHARASHTRA,RAIGAD,ssp245,2040,3,62.16,High Risk,98.92,66.6,14.1
BIHAR,KISHANGANJ,ssp245,2040,4,55.79,High Risk,62.47,67.58,34.25
MAHARASHTRA,KOLHAPUR,ssp245,2040,5,49.86,Moderate Risk,65.47,32.86,51.47
MAHARASHTRA,PALGHAR,ssp245,2040,6,45.68,Moderate Risk,100.0,23.19,8.55
MAHARASHTRA,THANE,ssp245,2040,7,38.7,Moderate Risk,97.18,11.2,2.55
BIHAR,SAHARSA,ssp245,2040,8,34.16,Moderate Risk,28.62,34.21,40.57
MAHARASHTRA,SANGLI,ssp245,2040,9,32.77,Moderate Risk,18.47,29.64,53.12
BIHAR,MADHEPURA,ssp245,2040,10,30.15,Moderate Risk,25.6,33.42,31.63
BIHAR,MADHUBANI,ssp245,2040,11,28.69,Moderate Risk,34.63,19.62,32.33
TELANGANA,BHADRADRI KOTHAGUDEM,ssp245,2040,12,28.2,Moderate Risk,22.28,22.02,42.33
BIHAR,BANKA,ssp245,2040,13,27.59,Moderate Risk,25.47,21.26,37.46
MAHARASHTRA,SATARA,ssp245,2040,14,27.07,Moderate Risk,46.66,15.56,17.63
BIHAR,DARBHANGA,ssp245,2040,15,26.41,Moderate Risk,27.26,20.08,32.79
BIHAR,JAMUI,ssp245,2040,16,25.53,Moderate Risk,23.75,18.06,36.32
BIHAR,ARARIA,ssp245,2040,17,25.3,Moderate Risk,48.89,17.27,7.13
BIHAR,SIWAN,ssp245,2040,18,25.21,Moderate Risk,20.69,51.33,0.0
BIHAR,GOPALGANJ,ssp245,2040,19,23.35,Low Risk,23.56,43.15,0.0
MAHARASHTRA,SOLAPUR,ssp245,2040,20,22.68,Low Risk,3.29,23.96,43.82
TELANGANA,JOGULAMBA GADWAL,ssp245,2040,21,22.26,Low Risk,0.04,24.61,45.45
BIHAR,SARAN,ssp245,2040,22,22.05,Low Risk,17.29,45.7,0.0
BIHAR,PURBA CHAMPARAN,ssp245,2040,23,20.88,Low Risk,26.52,33.13,0.0
MAHARASHTRA,NASHIK,ssp245,2040,24,18.99,Low Risk,44.26,10.0,0.0
BIHAR,SUPAUL,ssp245,2040,25,18.9,Low Risk,43.23,10.76,0.0
TELANGANA,KUMURAM BHEEM,ssp245,2040,26,18.42,Low Risk,44.31,4.36,4.62
MAHARASHTRA,PUNE,ssp245,2040,27,17.48,Low Risk,38.7,9.43,2.13
TELANGANA,MULUGU,ssp245,2040,28,17.09,Low Risk,34.16,5.18,11.07
BIHAR,VAISHALI,ssp245,2040,29,16.69,Low Risk,13.31,34.38,0.0
BIHAR,MUZAFFARPUR,ssp245,2040,30,16.67,Low Risk,23.58,24.06,0.0
MAHARASHTRA,AMRAVATI,ssp245,2040,31,16.28,Low Risk,42.54,3.98,0.0
MAHARASHTRA,NANDURBAR,ssp245,2040,32,15.64,Low Risk,33.98,9.12,1.85
MAHARASHTRA,BHANDARA,ssp245,2040,33,15.58,Low Risk,43.72,0.79,0.0
MAHARASHTRA,AKOLA,ssp245,2040,34,15.35,Low Risk,38.38,5.47,0.0
TELANGANA,KHAMMAM,ssp245,2040,35,15.21,Low Risk,11.93,11.14,23.79
MAHARASHTRA,WARDHA,ssp245,2040,36,15.17,Low Risk,40.62,2.73,0.0
MAHARASHTRA,JALGAON,ssp245,2040,37,15.13,Low Risk,28.21,8.48,7.62
BIHAR,PASHCHIM CHAMPARAN,ssp245,2040,38,15.08,Low Risk,39.95,3.14,0.0
MAHARASHTRA,GONDIA,ssp245,2040,39,14.8,Low Risk,41.96,0.33,0.0
BIHAR,BHAGALPUR,ssp245,2040,40,14.72,Low Risk,27.87,14.2,0.0
MAHARASHTRA,NAGPUR,ssp245,2040,41,14.62,Low Risk,40.95,0.82,0.0
MAHARASHTRA,GADCHIROLI,ssp245,2040,42,14.26,Low Risk,39.44,0.98,0.38
MAHARASHTRA,DHULE,ssp245,2040,43,13.89,Low Risk,24.74,9.06,6.86
MAHARASHTRA,CHANDRAPUR,ssp245,2040,44,13.67,Low Risk,37.34,1.72,0.0
BIHAR,PURNIA,ssp245,2040,45,13.51,Low Risk,38.23,0.38,0.0
TELANGANA,MANCHERIAL,ssp245,2040,46,13.44,Low Risk,38.17,0.23,0.0
BIHAR,BUXAR,ssp245,2040,47,13.43,Low Risk,15.71,22.65,0.0
MAHARASHTRA,BEED,ssp245,2040,48,13.28,Low Risk,6.64,13.12,21.22
MAHARASHTRA,WASHIM,ssp245,2040,49,13.13,Low Risk,33.59,3.92,0.0
TELANGANA,JAYASHANKAR BHUPALPALLI,ssp245,2040,50,12.52,Low Risk,35.76,0.0,0.0
MAHARASHTRA,DHARASHIV,ssp245,2040,51,12.41,Low Risk,5.57,12.47,20.33
MAHARASHTRA,YAVATMAL,ssp245,2040,52,12.33,Low Risk,31.79,3.43,0.0
MAHARASHTRA,BULDHANA,ssp245,2040,53,12.26,Low Risk,29.16,5.86,0.0
BIHAR,MUNGER,ssp245,2040,54,11.95,Low Risk,32.49,1.65,0.0
BIHAR,AURANGABAD,ssp245,2040,55,11.21,Low Risk,30.18,1.84,0.0
MAHARASHTRA,AHILYANAGAR,ssp245,2040,56,11.1,Low Risk,22.71,7.92,1.27
TELANGANA,ADILABAD,ssp245,2040,57,10.82,Low Risk,29.3,1.62,0.0
BIHAR,KHAGARIA,ssp245,2040,58,10.77,Low Risk,28.75,2.03,0.0
BIHAR,KATIHAR,ssp245,2040,59,10.66,Low Risk,29.39,1.07,0.0
BIHAR,SITAMARHI,ssp245,2040,60,10.6,Low Risk,26.28,4.01,0.0
BIHAR,ROHTAS,ssp245,2040,61,10.35,Low Risk,27.36,2.22,0.0
MAHARASHTRA,HINGOLI,ssp245,2040,62,10.18,Low Risk,23.48,5.61,0.0
TELANGANA,PEDDAPALLI,ssp245,2040,63,10.14,Low Risk,28.8,0.16,0.0
BIHAR,SHEOHAR,ssp245,2040,64,10.08,Low Risk,24.23,4.56,0.0
BIHAR,KAIMUR (BHABUA),ssp245,2040,65,10.05,Low Risk,26.32,2.4,0.0
BIHAR,BHOJPUR,ssp245,2040,66,9.95,Low Risk,14.2,14.23,0.0
TELANGANA,KARIMNAGAR,ssp245,2040,67,9.86,Low Risk,28.07,0.09,0.0
MAHARASHTRA,JALNA,ssp245,2040,68,9.57,Low Risk,21.56,5.77,0.0
BIHAR,ARWAL,ssp245,2040,69,9.56,Low Risk,24.81,2.5,0.0
MAHARASHTRA,CHHATRAPATI SAMBHAJI NAGAR,ssp245,2040,70,9.04,Low Risk,17.62,8.2,0.0
BIHAR,LAKHISARAI,ssp245,2040,71,8.89,Low Risk,24.11,1.28,0.0
BIHAR,PATNA,ssp245,2040,72,8.62,Low Risk,14.49,10.15,0.0
BIHAR,SAMASTIPUR,ssp245,2040,73,8.43,Low Risk,22.11,1.98,0.0
TELANGANA,JAGTIAL,ssp245,2040,74,8.29,Low Risk,23.69,0.0,0.0
BIHAR,BEGUSARAI,ssp245,2040,75,8.18,Low Risk,20.22,3.14,0.0
TELANGANA,NAGARKURNOOL,ssp245,2040,76,8.1,Low Risk,3.18,8.66,13.17
BIHAR,GAYA,ssp245,2040,77,7.7,Low Risk,20.72,1.28,0.0
TELANGANA,NARAYANPET,ssp245,2040,78,7.67,Low Risk,1.52,9.89,12.27
TELANGANA,KAMAREDDY,ssp245,2040,79,7.56,Low Risk,20.07,1.52,0.0
BIHAR,JEHANABAD,ssp245,2040,80,7.41,Low Risk,19.5,1.67,0.0
TELANGANA,NIRMAL,ssp245,2040,81,7.36,Low Risk,20.81,0.21,0.0
BIHAR,SHEIKHPURA,ssp245,2040,82,7.22,Low Risk,18.58,2.04,0.0
TELANGANA,MEDAK,ssp245,2040,83,7.02,Low Risk,20.05,0.0,0.0
MAHARASHTRA,LATUR,ssp245,2040,84,6.97,Low Risk,12.61,4.22,3.61
TELANGANA,SANGAREDDY,ssp245,2040,85,6.87,Low Risk,18.25,1.39,0.0
BIHAR,NAWADA,ssp245,2040,86,6.86,Low Risk,18.18,1.41,0.0
TELANGANA,HANUMAKONDA,ssp245,2040,87,6.8,Low Risk,19.42,0.0,0.0
MAHARASHTRA,NANDED,ssp245,2040,88,6.57,Low Risk,16.66,2.12,0.0
TELANGANA,MEDCHAL-MALKAJGIRI,ssp245,2040,89,6.5,Low Risk,18.51,0.07,0.0
BIHAR,NALANDA,ssp245,2040,90,6.07,Low Risk,14.99,2.36,0.0
TELANGANA,RAJANNA SIRCILLA,ssp245,2040,91,6.05,Low Risk,17.28,0.0,0.0
MAHARASHTRA,PARBHANI,ssp245,2040,92,6.01,Low Risk,15.13,2.05,0.0
TELANGANA,WARANGAL,ssp245,2040,93,5.97,Low Risk,16.12,0.94,0.0
TELANGANA,NIZAMABAD,ssp245,2040,94,5.91,Low Risk,16.9,0.0,0.0
TELANGANA,SIDDIPET,ssp245,2040,95,5.32,Low Risk,15.21,0.0,0.0
TELANGANA,VIKARABAD,ssp245,2040,96,5.31,Low Risk,8.97,4.2,2.34
TELANGANA,YADADRI BHUVANAGIRI,ssp245,2040,97,5.16,Low Risk,13.22,1.52,0.0
TELANGANA,JANGAON,ssp245,2040,98,5.01,Low Risk,13.21,1.1,0.0
TELANGANA,RANGA REDDY,ssp245,2040,99,4.82,Low Risk,8.4,3.62,2.04
TELANGANA,MAHABUBABAD,ssp245,2040,100,4.52,Low Risk,12.92,0.0,0.0
TELANGANA,NALGONDA,ssp245,2040,101,3.4,Low Risk,6.88,2.84,0.0
TELANGANA,SURYAPET,ssp245,2040,102,3.13,Low Risk,6.22,2.72,0.0
TELANGANA,WANAPARTHY,ssp245,2040,103,2.95,Low Risk,1.21,4.22,3.5
TELANGANA,MAHBUBNAGAR,ssp245,2040,104,1.41,Low Risk,0.1,3.94,0.0
MAHARASHTRA,MUMBAI,ssp245,2040,105,,Low Risk,97.36,,1.32
MAHARASHTRA,MUMBAI SUBURBAN,ssp245,2040,106,,Low Risk,99.15,,0.65
TELANGANA,HYDERABAD,ssp245,2040,107,,Low Risk,16.64,,0.86
MAHARASHTRA,SINDHUDURG,ssp585,2030,1,81.37,Very High Risk,98.22,84.99,57.48
MAHARASHTRA,RATNAGIRI,ssp585,2030,2,81.23,Very High Risk,99.82,85.53,54.51
MAHARASHTRA,RAIGAD,ssp585,2030,3,66.49,High Risk,97.74,71.39,24.31
BIHAR,KISHANGANJ,ssp585,2030,4,55.65,High Risk,60.49,68.19,35.36
MAHARASHTRA,PALGHAR,ssp585,2030,5,53.55,High Risk,99.27,38.11,18.22
MAHARASHTRA,KOLHAPUR,ssp585,2030,6,49.9,Moderate Risk,63.32,41.27,44.3
MAHARASHTRA,THANE,ssp585,2030,7,45.98,Moderate Risk,96.43,18.61,19.04
BIHAR,SAHARSA,ssp585,2030,8,39.88,Moderate Risk,27.91,45.99,46.7
BIHAR,MADHUBANI,ssp585,2030,9,33.1,Moderate Risk,32.73,24.59,43.46
BIHAR,MADHEPURA,ssp585,2030,10,31.58,Moderate Risk,25.12,41.06,28.05
BIHAR,GOPALGANJ,ssp585,2030,11,28.86,Moderate Risk,21.77,56.55,4.81
MAHARASHTRA,SATARA,ssp585,2030,12,27.17,Moderate Risk,44.48,16.34,19.6
BIHAR,BANKA,ssp585,2030,13,26.51,Moderate Risk,24.42,20.31,36.18
BIHAR,SIWAN,ssp585,2030,14,26.08,Moderate Risk,19.44,54.71,0.41
TELANGANA,JOGULAMBA GADWAL,ssp585,2030,15,25.67,Moderate Risk,0.1,28.15,52.62
MAHARASHTRA,SANGLI,ssp585,2030,16,25.1,Moderate Risk,17.04,22.35,37.7
BIHAR,ARARIA,ssp585,2030,17,25.04,Moderate Risk,46.84,24.71,0.0
BIHAR,SARAN,ssp585,2030,18,24.7,Low Risk,16.45,54.13,0.0
TELANGANA,BHADRADRI KOTHAGUDEM,ssp585,2030,19,24.45,Low Risk,21.08,18.66,35.12
BIHAR,PURBA CHAMPARAN,ssp585,2030,20,24.13,Low Risk,25.09,43.86,0.0
BIHAR,JAMUI,ssp585,2030,21,22.75,Low Risk,22.72,15.69,31.03
TELANGANA,KUMURAM BHEEM,ssp585,2030,22,22.12,Low Risk,43.31,8.6,13.17
BIHAR,SUPAUL,ssp585,2030,23,21.48,Low Risk,40.57,20.8,0.0
BIHAR,BUXAR,ssp585,2030,24,20.42,Low Risk,14.76,35.44,9.49
BIHAR,VAISHALI,ssp585,2030,25,19.95,Low Risk,12.7,44.3,0.0
BIHAR,MUZAFFARPUR,ssp585,2030,26,19.6,Low Risk,22.39,33.61,0.0
MAHARASHTRA,PUNE,ssp585,2030,27,19.19,Low Risk,37.86,11.25,6.66
MAHARASHTRA,DHULE,ssp585,2030,28,19.16,Low Risk,24.81,14.74,17.72
MAHARASHTRA,NASHIK,ssp585,2030,29,18.99,Low Risk,44.48,9.78,0.0
BIHAR,BHAGALPUR,ssp585,2030,30,17.68,Low Risk,27.23,23.28,0.0
BIHAR,AURANGABAD,ssp585,2030,31,17.56,Low Risk,29.28,8.71,14.22
MAHARASHTRA,GONDIA,ssp585,2030,32,17.29,Low Risk,40.76,3.43,6.09
MAHARASHTRA,GADCHIROLI,ssp585,2030,33,16.44,Low Risk,39.74,3.3,4.6
MAHARASHTRA,AMRAVATI,ssp585,2030,34,15.99,Low Risk,41.8,3.88,0.0
MAHARASHTRA,NANDURBAR,ssp585,2030,35,15.89,Low Risk,33.22,9.73,2.86
TELANGANA,NAGARKURNOOL,ssp585,2030,36,15.76,Low Risk,3.2,16.47,29.58
BIHAR,PURNIA,ssp585,2030,37,15.45,Low Risk,35.79,8.35,0.0
MAHARASHTRA,BHANDARA,ssp585,2030,38,15.36,Low Risk,42.96,0.94,0.0
MAHARASHTRA,AKOLA,ssp585,2030,39,15.16,Low Risk,37.6,5.7,0.0
BIHAR,PATNA,ssp585,2030,40,14.97,Low Risk,14.15,22.83,6.77
MAHARASHTRA,WARDHA,ssp585,2030,41,14.9,Low Risk,39.8,2.78,0.0
TELANGANA,MULUGU,ssp585,2030,42,14.85,Low Risk,33.17,3.34,6.9
BIHAR,PASHCHIM CHAMPARAN,ssp585,2030,43,14.41,Low Risk,37.72,3.46,0.0
MAHARASHTRA,NAGPUR,ssp585,2030,44,14.36,Low Risk,40.08,0.95,0.0
BIHAR,BHOJPUR,ssp585,2030,45,14.33,Low Risk,13.86,24.14,3.43
MAHARASHTRA,CHHATRAPATI SAMBHAJI NAGAR,ssp585,2030,46,14.0,Low Risk,18.34,13.29,9.77
MAHARASHTRA,CHANDRAPUR,ssp585,2030,47,13.74,Low Risk,37.23,2.03,0.0
TELANGANA,MANCHERIAL,ssp585,2030,48,13.36,Low Risk,37.65,0.51,0.0
MAHARASHTRA,WASHIM,ssp585,2030,49,13.23,Low Risk,33.24,4.55,0.0
MAHARASHTRA,SOLAPUR,ssp585,2030,50,13.05,Low Risk,3.07,14.36,23.18
MAHARASHTRA,DHARASHIV,ssp585,2030,51,12.88,Low Risk,4.41,13.46,22.08
MAHARASHTRA,BULDHANA,ssp585,2030,52,12.7,Low Risk,29.79,6.5,0.0
MAHARASHTRA,JALGAON,ssp585,2030,53,12.36,Low Risk,28.32,6.19,0.94
TELANGANA,JAYASHANKAR BHUPALPALLI,ssp585,2030,54,12.29,Low Risk,35.08,0.04,0.0
MAHARASHTRA,YAVATMAL,ssp585,2030,55,12.28,Low Risk,31.32,3.76,0.0
MAHARASHTRA,AHILYANAGAR,ssp585,2030,56,12.06,Low Risk,22.24,9.04,3.7
BIHAR,DARBHANGA,ssp585,2030,57,12.06,Low Risk,26.29,5.79,2.77
BIHAR,MUNGER,ssp585,2030,58,11.58,Low Risk,31.38,1.72,0.0
BIHAR,BEGUSARAI,ssp585,2030,59,11.53,Low Risk,19.91,13.02,0.0
MAHARASHTRA,BEED,ssp585,2030,60,11.32,Low Risk,6.75,11.25,16.72
BIHAR,KHAGARIA,ssp585,2030,61,11.02,Low Risk,28.01,3.49,0.0
BIHAR,SHEOHAR,ssp585,2030,62,10.93,Low Risk,23.3,7.94,0.0
TELANGANA,KHAMMAM,ssp585,2030,63,10.7,Low Risk,10.71,7.13,14.86
MAHARASHTRA,LATUR,ssp585,2030,64,10.69,Low Risk,11.3,8.36,12.7
BIHAR,KATIHAR,ssp585,2030,65,10.48,Low Risk,27.88,2.05,0.0
TELANGANA,ADILABAD,ssp585,2030,66,10.41,Low Risk,27.87,1.87,0.0
BIHAR,SITAMARHI,ssp585,2030,67,10.32,Low Risk,25.62,3.87,0.0
BIHAR,SAMASTIPUR,ssp585,2030,68,10.25,Low Risk,21.6,7.69,0.0
BIHAR,ROHTAS,ssp585,2030,69,10.24,Low Risk,26.84,2.43,0.0
MAHARASHTRA,HINGOLI,ssp585,2030,70,10.15,Low Risk,22.64,6.36,0.0
MAHARASHTRA,JALNA,ssp585,2030,71,10.1,Low Risk,22.57,6.29,0.0
TELANGANA,PEDDAPALLI,ssp585,2030,72,9.97,Low Risk,28.02,0.47,0.0
BIHAR,KAIMUR (BHABUA),ssp585,2030,73,9.93,Low Risk,25.77,2.59,0.0
TELANGANA,KARIMNAGAR,ssp585,2030,74,9.55,Low Risk,26.9,0.38,0.0
BIHAR,ARWAL,ssp585,2030,75,9.48,Low Risk,24.37,2.72,0.0
BIHAR,JEHANABAD,ssp585,2030,76,9.2,Low Risk,18.96,5.26,2.4
BIHAR,LAKHISARAI,ssp585,2030,77,8.61,Low Risk,23.19,1.4,0.0
TELANGANA,JAGTIAL,ssp585,2030,78,8.06,Low Risk,22.86,0.17,0.0
BIHAR,GAYA,ssp585,2030,79,7.62,Low Risk,20.27,1.49,0.0
BIHAR,NALANDA,ssp585,2030,80,7.48,Low Risk,14.35,7.02,0.0
TELANGANA,NIRMAL,ssp585,2030,81,7.08,Low Risk,19.62,0.61,0.0
TELANGANA,KAMAREDDY,ssp585,2030,82,7.07,Low Risk,18.58,1.61,0.0
BIHAR,SHEIKHPURA,ssp585,2030,83,6.96,Low Risk,17.79,2.1,0.0
BIHAR,NAWADA,ssp585,2030,84,6.72,Low Risk,17.7,1.49,0.0
TELANGANA,MAHABUBABAD,ssp585,2030,85,6.61,Low Risk,11.96,2.56,5.08
TELANGANA,HANUMAKONDA,ssp585,2030,86,6.49,Low Risk,18.43,0.1,0.0
TELANGANA,MEDAK,ssp585,2030,87,6.4,Low Risk,18.19,0.1,0.0
MAHARASHTRA,NANDED,ssp585,2030,88,6.38,Low Risk,15.58,2.64,0.0
TELANGANA,SANGAREDDY,ssp585,2030,89,6.26,Low Risk,16.4,1.49,0.0
MAHARASHTRA,PARBHANI,ssp585,2030,90,6.03,Low Risk,14.79,2.43,0.0
TELANGANA,MEDCHAL-MALKAJGIRI,ssp585,2030,91,5.9,Low Risk,16.65,0.21,0.0
TELANGANA,WARANGAL,ssp585,2030,92,5.77,Low Risk,15.34,1.14,0.0
TELANGANA,RAJANNA SIRCILLA,ssp585,2030,93,5.73,Low Risk,16.38,0.0,0.0
TELANGANA,NIZAMABAD,ssp585,2030,94,5.62,Low Risk,15.82,0.25,0.0
TELANGANA,WANAPARTHY,ssp585,2030,95,5.53,Low Risk,1.15,7.1,8.8
TELANGANA,SIDDIPET,ssp585,2030,96,5.02,Low Risk,14.14,0.21,0.0
TELANGANA,YADADRI BHUVANAGIRI,ssp585,2030,97,4.82,Low Risk,11.93,1.84,0.0
TELANGANA,JANGAON,ssp585,2030,98,4.71,Low Risk,12.16,1.31,0.0
TELANGANA,VIKARABAD,ssp585,2030,99,3.83,Low Risk,7.49,3.44,0.0
TELANGANA,RANGA REDDY,ssp585,2030,100,3.44,Low Risk,6.99,2.85,0.0
TELANGANA,NALGONDA,ssp585,2030,101,3.21,Low Risk,6.05,3.12,0.0
TELANGANA,SURYAPET,ssp585,2030,102,2.93,Low Risk,5.31,3.06,0.0
TELANGANA,NARAYANPET,ssp585,2030,103,2.71,Low Risk,0.98,5.21,1.81
TELANGANA,MAHBUBNAGAR,ssp585,2030,104,1.44,Low Risk,0.0,4.12,0.0
MAHARASHTRA,MUMBAI,ssp585,2030,105,,Low Risk,96.8,,12.43
MAHARASHTRA,MUMBAI SUBURBAN,ssp585,2030,106,,Low Risk,98.86,,15.19
TELANGANA,HYDERABAD,ssp585,2030,107,,Low Risk,15.0,,4.18
MAHARASHTRA,RATNAGIRI,ssp585,2035,1,90.2,Very High Risk,100.0,94.52,73.71
MAHARASHTRA,SINDHUDURG,ssp585,2035,2,88.97,Very High Risk,99.2,92.33,73.13
MAHARASHTRA,RAIGAD,ssp585,2035,3,80.38,Very High Risk,98.33,85.21,53.82
MAHARASHTRA,PALGHAR,ssp585,2035,4,70.4,High Risk,99.64,52.05,57.71
BIHAR,KISHANGANJ,ssp585,2035,5,68.31,High Risk,61.68,80.53,61.8
MAHARASHTRA,KOLHAPUR,ssp585,2035,6,60.25,High Risk,64.39,47.78,69.97
MAHARASHTRA,THANE,ssp585,2035,7,55.22,High Risk,96.85,27.91,38.53
BIHAR,GOPALGANJ,ssp585,2035,8,52.67,High Risk,22.67,78.19,57.89
BIHAR,SAHARSA,ssp585,2035,9,49.97,Moderate Risk,28.26,53.72,70.91
BIHAR,PURBA CHAMPARAN,ssp585,2035,10,48.6,Moderate Risk,25.81,65.98,54.9
MAHARASHTRA,SATARA,ssp585,2035,11,46.51,Moderate Risk,45.57,35.53,60.42
TELANGANA,MULUGU,ssp585,2035,12,45.76,Moderate Risk,33.67,34.3,73.22
TELANGANA,BHADRADRI KOTHAGUDEM,ssp585,2035,13,45.73,Moderate Risk,21.68,39.93,80.55
BIHAR,SIWAN,ssp585,2035,14,45.64,Moderate Risk,20.07,74.18,42.18
BIHAR,ARARIA,ssp585,2035,15,45.16,Moderate Risk,47.87,41.7,46.02
BIHAR,BUXAR,ssp585,2035,16,44.38,Moderate Risk,15.24,57.51,63.05
BIHAR,MADHEPURA,ssp585,2035,17,42.97,Moderate Risk,25.36,50.13,55.15
BIHAR,MADHUBANI,ssp585,2035,18,41.57,Moderate Risk,33.68,32.88,60.9
TELANGANA,JOGULAMBA GADWAL,ssp585,2035,19,40.93,Moderate Risk,0.07,43.41,85.7
MAHARASHTRA,SANGLI,ssp585,2035,20,40.38,Moderate Risk,17.76,37.55,70.08
MAHARASHTRA,GADCHIROLI,ssp585,2035,21,39.33,Moderate Risk,39.59,26.35,54.18
MAHARASHTRA,PUNE,ssp585,2035,22,38.66,Moderate Risk,38.28,30.86,48.21
BIHAR,SUPAUL,ssp585,2035,23,38.55,Moderate Risk,41.9,34.62,39.21
MAHARASHTRA,SOLAPUR,ssp585,2035,24,38.0,Moderate Risk,3.13,39.5,76.93
BIHAR,BANKA,ssp585,2035,25,37.67,Moderate Risk,24.94,31.51,59.71
BIHAR,GAYA,ssp585,2035,26,36.79,Moderate Risk,20.49,30.8,62.8
BIHAR,BHAGALPUR,ssp585,2035,27,35.73,Moderate Risk,27.55,38.99,41.48
BIHAR,DARBHANGA,ssp585,2035,28,35.72,Moderate Risk,26.77,29.58,53.32
BIHAR,SITAMARHI,ssp585,2035,29,35.05,Moderate Risk,25.95,28.76,53.0
BIHAR,KHAGARIA,ssp585,2035,30,35.0,Moderate Risk,28.38,26.65,52.45
BIHAR,JAMUI,ssp585,2035,31,34.41,Moderate Risk,23.24,27.24,55.79
BIHAR,AURANGABAD,ssp585,2035,32,34.08,Moderate Risk,29.73,25.16,49.57
BIHAR,SHEIKHPURA,ssp585,2035,33,33.42,Moderate Risk,18.19,28.65,56.75
BIHAR,BHOJPUR,ssp585,2035,34,33.4,Moderate Risk,14.03,41.06,47.07
BIHAR,KATIHAR,ssp585,2035,35,32.9,Moderate Risk,28.63,23.85,48.45
TELANGANA,KUMURAM BHEEM,ssp585,2035,36,32.85,Moderate Risk,43.81,19.18,36.0
BIHAR,MUNGER,ssp585,2035,37,32.46,Moderate Risk,31.94,22.57,44.6
BIHAR,ARWAL,ssp585,2035,38,32.12,Moderate Risk,24.59,25.43,48.72
TELANGANA,NAGARKURNOOL,ssp585,2035,39,31.97,Moderate Risk,3.19,32.8,64.57
BIHAR,JEHANABAD,ssp585,2035,40,31.29,Moderate Risk,19.23,25.97,51.56
MAHARASHTRA,DHARASHIV,ssp585,2035,41,31.03,Moderate Risk,4.9,31.56,60.9
BIHAR,ROHTAS,ssp585,2035,42,30.98,Moderate Risk,27.1,23.21,44.58
BIHAR,PASHCHIM CHAMPARAN,ssp585,2035,43,30.96,Moderate Risk,38.83,19.58,35.06
BIHAR,KAIMUR (BHABUA),ssp585,2035,44,30.76,Moderate Risk,26.05,23.47,44.77
MAHARASHTRA,DHULE,ssp585,2035,45,30.56,Moderate Risk,24.78,26.07,42.55
BIHAR,NALANDA,ssp585,2035,46,30.39,Moderate Risk,14.67,27.04,52.63
BIHAR,PURNIA,ssp585,2035,47,30.31,Moderate Risk,37.01,19.89,34.66
TELANGANA,KHAMMAM,ssp585,2035,48,29.61,Moderate Risk,11.32,25.92,55.25
BIHAR,SHEOHAR,ssp585,2035,49,28.62,Moderate Risk,23.77,23.38,40.39
BIHAR,SARAN,ssp585,2035,50,28.48,Moderate Risk,16.87,57.47,8.2
BIHAR,NAWADA,ssp585,2035,51,28.37,Moderate Risk,17.94,23.24,46.52
TELANGANA,NARAYANPET,ssp585,2035,52,28.37,Moderate Risk,1.25,30.95,57.0
MAHARASHTRA,BEED,ssp585,2035,53,26.56,Moderate Risk,6.69,26.59,49.71
MAHARASHTRA,JALGAON,ssp585,2035,54,26.33,Moderate Risk,28.27,20.04,31.4
MAHARASHTRA,NANDURBAR,ssp585,2035,55,25.72,Moderate Risk,33.6,19.48,23.81
TELANGANA,WANAPARTHY,ssp585,2035,56,25.3,Moderate Risk,1.18,26.92,51.56
MAHARASHTRA,NASHIK,ssp585,2035,57,25.02,Moderate Risk,44.37,15.97,12.99
MAHARASHTRA,GONDIA,ssp585,2035,58,24.9,Low Risk,41.36,10.82,22.13
MAHARASHTRA,CHHATRAPATI SAMBHAJI NAGAR,ssp585,2035,59,24.67,Low Risk,17.98,24.02,33.22
MAHARASHTRA,LATUR,ssp585,2035,60,24.5,Low Risk,11.96,22.11,41.93
MAHARASHTRA,BHANDARA,ssp585,2035,61,23.65,Low Risk,43.34,9.12,17.62
MAHARASHTRA,BULDHANA,ssp585,2035,62,22.64,Low Risk,29.48,16.43,21.89
MAHARASHTRA,AMRAVATI,ssp585,2035,63,22.26,Low Risk,42.17,10.12,13.21
MAHARASHTRA,AKOLA,ssp585,2035,64,22.24,Low Risk,37.99,12.64,15.08
TELANGANA,MEDCHAL-MALKAJGIRI,ssp585,2035,65,21.67,Low Risk,17.56,15.76,33.36
TELANGANA,MANCHERIAL,ssp585,2035,66,21.65,Low Risk,37.91,8.7,17.79
MAHARASHTRA,CHANDRAPUR,ssp585,2035,67,21.11,Low Risk,37.29,9.34,15.95
TELANGANA,VIKARABAD,ssp585,2035,68,20.51,Low Risk,8.23,19.92,35.53
MAHARASHTRA,JALNA,ssp585,2035,69,20.35,Low Risk,22.06,16.65,22.68
MAHARASHTRA,AHILYANAGAR,ssp585,2035,70,19.99,Low Risk,22.47,16.97,20.62
BIHAR,PATNA,ssp585,2035,71,19.86,Low Risk,14.32,24.92,20.43
MAHARASHTRA,WASHIM,ssp585,2035,72,19.67,Low Risk,33.42,10.79,13.99
BIHAR,VAISHALI,ssp585,2035,73,18.97,Low Risk,13.0,41.19,0.0
MAHARASHTRA,WARDHA,ssp585,2035,74,18.66,Low Risk,40.21,6.41,7.81
BIHAR,MUZAFFARPUR,ssp585,2035,75,18.58,Low Risk,22.99,30.11,0.0
MAHARASHTRA,NAGPUR,ssp585,2035,76,18.31,Low Risk,40.52,4.74,8.23
TELANGANA,JAYASHANKAR BHUPALPALLI,ssp585,2035,77,18.26,Low Risk,35.42,5.92,12.65
MAHARASHTRA,YAVATMAL,ssp585,2035,78,16.64,Low Risk,31.55,7.97,9.35
TELANGANA,RANGA REDDY,ssp585,2035,79,16.17,Low Risk,7.7,15.39,26.96
TELANGANA,ADILABAD,ssp585,2035,80,16.02,Low Risk,28.59,7.19,11.64
TELANGANA,MAHABUBABAD,ssp585,2035,81,15.83,Low Risk,12.44,11.63,24.68
MAHARASHTRA,PARBHANI,ssp585,2035,82,15.48,Low Risk,14.96,11.79,20.38
TELANGANA,NALGONDA,ssp585,2035,83,15.25,Low Risk,6.38,15.07,25.8
MAHARASHTRA,NANDED,ssp585,2035,84,14.94,Low Risk,16.12,10.93,18.24
BIHAR,LAKHISARAI,ssp585,2035,85,11.82,Low Risk,23.65,4.45,6.63
MAHARASHTRA,HINGOLI,ssp585,2035,86,11.71,Low Risk,23.06,7.55,3.33
TELANGANA,SANGAREDDY,ssp585,2035,87,10.17,Low Risk,17.32,5.08,7.78
TELANGANA,PEDDAPALLI,ssp585,2035,88,10.05,Low Risk,28.41,0.31,0.0
BIHAR,BEGUSARAI,ssp585,2035,89,9.92,Low Risk,20.06,8.28,0.0
TELANGANA,KARIMNAGAR,ssp585,2035,90,9.7,Low Risk,27.49,0.23,0.0
BIHAR,SAMASTIPUR,ssp585,2035,91,8.68,Low Risk,21.86,2.93,0.0
TELANGANA,JAGTIAL,ssp585,2035,92,8.14,Low Risk,23.27,0.0,0.0
TELANGANA,KAMAREDDY,ssp585,2035,93,7.31,Low Risk,19.33,1.56,0.0
TELANGANA,NIRMAL,ssp585,2035,94,7.22,Low Risk,20.21,0.41,0.0
TELANGANA,YADADRI BHUVANAGIRI,ssp585,2035,95,6.88,Low Risk,12.57,3.59,4.08
TELANGANA,MEDAK,ssp585,2035,96,6.69,Low Risk,19.12,0.0,0.0
TELANGANA,WARANGAL,ssp585,2035,97,6.65,Low Risk,15.73,1.83,1.69
TELANGANA,HANUMAKONDA,ssp585,2035,98,6.63,Low Risk,18.93,0.0,0.0
TELANGANA,RAJANNA SIRCILLA,ssp585,2035,99,5.89,Low Risk,16.83,0.0,0.0
TELANGANA,NIZAMABAD,ssp585,2035,100,5.76,Low Risk,16.36,0.1,0.0
TELANGANA,MAHBUBNAGAR,ssp585,2035,101,5.61,Low Risk,0.0,8.27,9.06
TELANGANA,SIDDIPET,ssp585,2035,102,5.18,Low Risk,14.68,0.11,0.0
TELANGANA,JANGAON,ssp585,2035,103,4.86,Low Risk,12.68,1.2,0.0
TELANGANA,SURYAPET,ssp585,2035,104,3.02,Low Risk,5.75,2.89,0.0
MAHARASHTRA,MUMBAI,ssp585,2035,105,,Low Risk,97.08,,25.65
MAHARASHTRA,MUMBAI SUBURBAN,ssp585,2035,106,,Low Risk,99.0,,27.25
TELANGANA,HYDERABAD,ssp585,2035,107,,Low Risk,15.82,,19.68
MAHARASHTRA,RATNAGIRI,ssp585,2040,1,100.0,Very High Risk,100.0,100.0,100.0
MAHARASHTRA,SINDHUDURG,ssp585,2040,2,99.14,Very High Risk,99.42,98.11,100.0
MAHARASHTRA,RAIGAD,ssp585,2040,3,98.13,Very High Risk,98.92,100.0,95.03
BIHAR,KISHANGANJ,ssp585,2040,4,83.9,Very High Risk,62.47,91.54,100.0
MAHARASHTRA,PALGHAR,ssp585,2040,5,82.36,Very High Risk,100.0,60.1,87.74
MAHARASHTRA,THANE,ssp585,2040,6,74.79,High Risk,97.18,47.63,80.34
MAHARASHTRA,KOLHAPUR,ssp585,2040,7,70.11,High Risk,65.47,49.12,100.0
BIHAR,ARARIA,ssp585,2040,8,63.27,High Risk,48.89,55.17,89.48
MAHARASHTRA,SATARA,ssp585,2040,9,61.63,High Risk,46.66,47.3,95.81
TELANGANA,KUMURAM BHEEM,ssp585,2040,10,60.28,High Risk,44.31,42.2,100.0
BIHAR,SAHARSA,ssp585,2040,11,59.81,High Risk,28.62,56.54,100.0
BIHAR,GOPALGANJ,ssp585,2040,12,58.61,High Risk,23.56,81.27,73.05
MAHARASHTRA,GADCHIROLI,ssp585,2040,13,58.08,High Risk,39.44,40.8,100.0
MAHARASHTRA,PUNE,ssp585,2040,14,58.06,High Risk,38.7,48.44,91.88
BIHAR,PURBA CHAMPARAN,ssp585,2040,15,57.15,High Risk,26.52,71.67,75.93
TELANGANA,MULUGU,ssp585,2040,16,55.96,High Risk,34.16,40.0,100.0
BIHAR,SIWAN,ssp585,2040,17,55.05,High Risk,20.69,83.4,62.05
BIHAR,MADHEPURA,ssp585,2040,18,54.97,High Risk,25.6,59.56,83.88
BIHAR,MADHUBANI,ssp585,2040,19,54.66,High Risk,34.63,44.48,89.91
BIHAR,BANKA,ssp585,2040,20,54.21,High Risk,25.47,43.71,100.0
BIHAR,SARAN,ssp585,2040,21,53.08,High Risk,17.29,79.72,63.76
TELANGANA,BHADRADRI KOTHAGUDEM,ssp585,2040,22,52.57,High Risk,22.28,42.2,100.0
MAHARASHTRA,SANGLI,ssp585,2040,23,52.1,High Risk,18.47,44.75,99.9
BIHAR,SUPAUL,ssp585,2040,24,51.87,High Risk,43.23,44.44,70.63
BIHAR,KATIHAR,ssp585,2040,25,51.51,High Risk,29.39,41.07,89.5
BIHAR,BUXAR,ssp585,2040,26,51.32,High Risk,15.71,62.14,80.24
BIHAR,JAMUI,ssp585,2040,27,51.3,High Risk,23.75,41.05,95.41
BIHAR,DARBHANGA,ssp585,2040,28,51.28,High Risk,27.26,44.72,86.96
MAHARASHTRA,CHANDRAPUR,ssp585,2040,29,50.38,High Risk,37.34,38.78,79.11
BIHAR,AURANGABAD,ssp585,2040,30,50.29,High Risk,30.18,41.3,84.24
BIHAR,PURNIA,ssp585,2040,31,50.23,High Risk,38.23,37.45,79.15
MAHARASHTRA,GONDIA,ssp585,2040,32,49.25,Moderate Risk,41.96,35.11,74.24
MAHARASHTRA,DHULE,ssp585,2040,33,49.13,Moderate Risk,24.74,44.64,82.82
BIHAR,SITAMARHI,ssp585,2040,34,48.96,Moderate Risk,26.28,42.74,82.69
TELANGANA,MEDCHAL-MALKAJGIRI,ssp585,2040,35,48.56,Moderate Risk,18.51,40.07,93.51
BIHAR,KHAGARIA,ssp585,2040,36,48.35,Moderate Risk,28.75,39.97,81.0
TELANGANA,RANGA REDDY,ssp585,2040,37,47.78,Moderate Risk,8.4,42.67,99.67
TELANGANA,MANCHERIAL,ssp585,2040,38,47.38,Moderate Risk,38.17,34.49,73.15
BIHAR,MUNGER,ssp585,2040,39,47.22,Moderate Risk,32.49,37.26,76.03
BIHAR,SHEIKHPURA,ssp585,2040,40,46.85,Moderate Risk,18.58,42.04,85.46
TELANGANA,VIKARABAD,ssp585,2040,41,46.54,Moderate Risk,8.97,43.11,94.38
BIHAR,ARWAL,ssp585,2040,42,46.39,Moderate Risk,24.81,39.68,79.38
MAHARASHTRA,CHHATRAPATI SAMBHAJI NAGAR,ssp585,2040,43,46.22,Moderate Risk,17.62,45.74,80.15
TELANGANA,NAGARKURNOOL,ssp585,2040,44,45.98,Moderate Risk,3.18,42.49,100.0
TELANGANA,NARAYANPET,ssp585,2040,45,45.98,Moderate Risk,1.52,44.14,100.0
BIHAR,GAYA,ssp585,2040,46,45.83,Moderate Risk,20.72,39.77,82.18
TELANGANA,JAYASHANKAR BHUPALPALLI,ssp585,2040,47,45.55,Moderate Risk,35.76,33.35,71.2
MAHARASHTRA,JALGAON,ssp585,2040,48,45.4,Moderate Risk,28.21,39.04,72.86
BIHAR,PASHCHIM CHAMPARAN,ssp585,2040,49,45.21,Moderate Risk,39.95,33.56,64.95
TELANGANA,JOGULAMBA GADWAL,ssp585,2040,50,45.18,Moderate Risk,0.04,43.32,100.0
BIHAR,BHAGALPUR,ssp585,2040,51,44.87,Moderate Risk,27.87,45.45,64.01
MAHARASHTRA,BULDHANA,ssp585,2040,52,44.71,Moderate Risk,29.16,38.63,69.95
BIHAR,NAWADA,ssp585,2040,53,44.69,Moderate Risk,18.18,39.61,81.55
TELANGANA,KHAMMAM,ssp585,2040,54,44.65,Moderate Risk,11.93,40.0,88.24
BIHAR,KAIMUR (BHABUA),ssp585,2040,55,44.4,Moderate Risk,26.32,37.08,74.03
MAHARASHTRA,AMRAVATI,ssp585,2040,56,44.32,Moderate Risk,42.54,32.29,60.44
MAHARASHTRA,DHARASHIV,ssp585,2040,57,44.19,Moderate Risk,5.57,42.95,90.68
BIHAR,MUZAFFARPUR,ssp585,2040,58,44.02,Moderate Risk,23.58,53.02,57.37
TELANGANA,ADILABAD,ssp585,2040,59,43.9,Moderate Risk,29.3,35.02,71.31
MAHARASHTRA,NANDURBAR,ssp585,2040,60,43.66,Moderate Risk,33.98,37.41,62.24
TELANGANA,NALGONDA,ssp585,2040,61,43.43,Moderate Risk,6.88,42.84,86.76
MAHARASHTRA,SOLAPUR,ssp585,2040,62,43.18,Moderate Risk,3.29,43.43,89.42
MAHARASHTRA,AKOLA,ssp585,2040,63,42.13,Moderate Risk,38.38,32.51,57.74
BIHAR,BHOJPUR,ssp585,2040,64,42.11,Moderate Risk,14.2,47.31,68.59
BIHAR,ROHTAS,ssp585,2040,65,41.94,Moderate Risk,27.36,34.11,68.07
MAHARASHTRA,BHANDARA,ssp585,2040,66,41.89,Moderate Risk,43.72,27.35,56.71
TELANGANA,WANAPARTHY,ssp585,2040,67,41.74,Moderate Risk,1.21,42.58,88.03
BIHAR,NALANDA,ssp585,2040,68,40.46,Moderate Risk,14.99,37.08,74.12
BIHAR,PATNA,ssp585,2040,69,39.68,Moderate Risk,14.49,41.86,66.52
MAHARASHTRA,JALNA,ssp585,2040,70,39.12,Moderate Risk,21.56,35.61,63.7
MAHARASHTRA,AHILYANAGAR,ssp585,2040,71,39.04,Moderate Risk,22.71,36.13,61.49
MAHARASHTRA,NASHIK,ssp585,2040,72,38.94,Moderate Risk,44.26,30.14,43.0
MAHARASHTRA,LATUR,ssp585,2040,73,37.14,Moderate Risk,12.61,34.68,68.64
BIHAR,SHEOHAR,ssp585,2040,74,37.14,Moderate Risk,24.23,31.88,58.34
BIHAR,JEHANABAD,ssp585,2040,75,36.94,Moderate Risk,19.5,31.48,63.65
MAHARASHTRA,BEED,ssp585,2040,76,36.83,Moderate Risk,6.64,36.89,71.97
MAHARASHTRA,WARDHA,ssp585,2040,77,35.38,Moderate Risk,40.62,23.13,43.55
BIHAR,LAKHISARAI,ssp585,2040,78,33.96,Moderate Risk,24.11,26.59,54.04
MAHARASHTRA,PARBHANI,ssp585,2040,79,33.94,Moderate Risk,15.13,30.25,60.2
BIHAR,BEGUSARAI,ssp585,2040,80,33.83,Moderate Risk,20.22,29.11,55.23
BIHAR,SAMASTIPUR,ssp585,2040,81,31.53,Moderate Risk,22.11,25.3,49.8
MAHARASHTRA,NAGPUR,ssp585,2040,82,31.37,Moderate Risk,40.95,17.74,36.11
MAHARASHTRA,YAVATMAL,ssp585,2040,83,30.65,Moderate Risk,31.79,21.93,39.49
TELANGANA,SANGAREDDY,ssp585,2040,84,28.38,Moderate Risk,18.25,23.1,46.35
TELANGANA,MAHBUBNAGAR,ssp585,2040,85,27.68,Moderate Risk,0.1,30.45,56.61
TELANGANA,WARANGAL,ssp585,2040,86,26.76,Moderate Risk,16.12,21.93,44.81
MAHARASHTRA,WASHIM,ssp585,2040,87,25.83,Moderate Risk,33.59,16.75,27.38
TELANGANA,MAHABUBABAD,ssp585,2040,88,22.67,Low Risk,12.92,18.32,39.12
MAHARASHTRA,HINGOLI,ssp585,2040,89,22.36,Low Risk,23.48,17.9,26.24
BIHAR,VAISHALI,ssp585,2040,90,22.14,Low Risk,13.31,41.92,9.37
TELANGANA,YADADRI BHUVANAGIRI,ssp585,2040,91,21.53,Low Risk,13.22,18.05,35.29
TELANGANA,HANUMAKONDA,ssp585,2040,92,18.36,Low Risk,19.42,11.67,24.92
MAHARASHTRA,NANDED,ssp585,2040,93,15.3,Low Risk,16.66,10.94,18.81
TELANGANA,SURYAPET,ssp585,2040,94,14.57,Low Risk,6.22,14.27,24.66
TELANGANA,NIRMAL,ssp585,2040,95,14.35,Low Risk,20.81,7.27,15.07
TELANGANA,JANGAON,ssp585,2040,96,11.74,Low Risk,13.21,7.9,14.52
TELANGANA,PEDDAPALLI,ssp585,2040,97,11.12,Low Risk,28.8,1.15,2.11
TELANGANA,KARIMNAGAR,ssp585,2040,98,9.86,Low Risk,28.07,0.09,0.0
TELANGANA,JAGTIAL,ssp585,2040,99,8.51,Low Risk,23.69,0.22,0.48
TELANGANA,KAMAREDDY,ssp585,2040,100,7.56,Low Risk,20.07,1.52,0.0
TELANGANA,MEDAK,ssp585,2040,101,7.02,Low Risk,20.05,0.0,0.0
TELANGANA,RAJANNA SIRCILLA,ssp585,2040,102,6.05,Low Risk,17.28,0.0,0.0
TELANGANA,NIZAMABAD,ssp585,2040,103,5.91,Low Risk,16.9,0.0,0.0
TELANGANA,SIDDIPET,ssp585,2040,104,5.32,Low Risk,15.21,0.0,0.0
MAHARASHTRA,MUMBAI,ssp585,2040,105,,Low Risk,97.36,,64.1
MAHARASHTRA,MUMBAI SUBURBAN,ssp585,2040,106,,Low Risk,99.15,,60.49
TELANGANA,HYDERABAD,ssp585,2040,107,,Low Risk,16.64,,81.56
